Vertex, Times chosen, Generation runtime
0, 147, 98881339500
1, 124
2, 123
3, 142
4, 147
5, 137
6, 120
7, 121
8, 127
9, 139
10, 141
11, 161
12, 133
13, 117
14, 121
15, 160
16, 149
17, 123
18, 140
19, 133
20, 139
21, 135
22, 154
23, 150
24, 140
25, 164
26, 149
27, 140
28, 146
29, 137
30, 147
31, 138
32, 148
33, 132
34, 167
35, 136
36, 139
37, 141
38, 150
39, 131
40, 127
41, 138
42, 164
43, 136
44, 148
45, 139
46, 132
47, 146
48, 138
49, 129
50, 150
51, 142
52, 122
53, 150
54, 111
55, 138
56, 135
57, 118
58, 147
59, 142
60, 155
61, 133
62, 131
63, 137
64, 152
65, 156
66, 131
67, 131
68, 129
69, 119
70, 139
71, 150
72, 159
73, 134
74, 148
75, 165
76, 152
77, 113
78, 146
79, 143
80, 128
81, 160
82, 139
83, 154
84, 153
85, 159
86, 154
87, 147
88, 159
89, 170
90, 172
91, 140
92, 144
93, 149
94, 130
95, 135
96, 136
97, 153
98, 131
99, 155
100, 137
101, 155
102, 152
103, 161
104, 139
105, 144
106, 163
107, 157
108, 153
109, 148
110, 121
111, 156
112, 134
113, 135
114, 143
115, 146
116, 141
117, 133
118, 153
119, 159
120, 151
121, 150
122, 168
123, 167
124, 148
125, 159
126, 149
127, 128
128, 144
129, 142
130, 163
131, 155
132, 132
133, 157
134, 144
135, 149
136, 142
137, 146
138, 170
139, 166
140, 157
141, 134
142, 163
143, 151
144, 157
145, 167
146, 151
147, 170
148, 150
149, 153
150, 132
151, 164
152, 149
153, 142
154, 136
155, 141
156, 155
157, 148
158, 141
159, 143
160, 163
161, 140
162, 135
163, 148
164, 152
165, 162
166, 142
167, 139
168, 143
169, 172
170, 155
171, 132
172, 153
173, 168
174, 154
175, 155
176, 149
177, 144
178, 155
179, 186
180, 147
181, 135
182, 138
183, 146
184, 151
185, 156
186, 151
187, 157
188, 167
189, 163
190, 149
191, 155
192, 172
193, 156
194, 146
195, 140
196, 164
197, 172
198, 145
199, 144
200, 122
201, 141
202, 141
203, 161
204, 159
205, 175
206, 164
207, 169
208, 165
209, 150
210, 159
211, 173
212, 155
213, 136
214, 154
215, 143
216, 150
217, 162
218, 151
219, 160
220, 136
221, 167
222, 145
223, 161
224, 144
225, 163
226, 167
227, 183
228, 168
229, 182
230, 139
231, 149
232, 165
233, 154
234, 154
235, 148
236, 148
237, 159
238, 135
239, 157
240, 182
241, 151
242, 152
243, 149
244, 180
245, 143
246, 157
247, 136
248, 169
249, 142
250, 144
251, 130
252, 141
253, 156
254, 172
255, 146
256, 152
257, 149
258, 137
259, 155
260, 160
261, 150
262, 161
263, 175
264, 160
265, 170
266, 151
267, 167
268, 154
269, 154
270, 152
271, 163
272, 155
273, 149
274, 172
275, 167
276, 161
277, 185
278, 137
279, 152
280, 159
281, 155
282, 169
283, 161
284, 155
285, 151
286, 144
287, 157
288, 168
289, 166
290, 154
291, 155
292, 163
293, 136
294, 161
295, 162
296, 174
297, 164
298, 158
299, 159
300, 137
301, 166
302, 165
303, 158
304, 160
305, 179
306, 165
307, 157
308, 168
309, 169
310, 130
311, 163
312, 146
313, 173
314, 160
315, 138
316, 168
317, 158
318, 155
319, 143
320, 163
321, 159
322, 147
323, 167
324, 169
325, 146
326, 151
327, 174
328, 162
329, 151
330, 186
331, 161
332, 166
333, 161
334, 176
335, 164
336, 192
337, 180
338, 177
339, 173
340, 165
341, 155
342, 165
343, 133
344, 169
345, 174
346, 187
347, 180
348, 169
349, 171
350, 150
351, 158
352, 187
353, 172
354, 175
355, 163
356, 164
357, 165
358, 195
359, 167
360, 175
361, 168
362, 186
363, 172
364, 154
365, 165
366, 180
367, 188
368, 169
369, 166
370, 189
371, 169
372, 169
373, 171
374, 159
375, 185
376, 154
377, 181
378, 169
379, 185
380, 174
381, 176
382, 130
383, 164
384, 148
385, 171
386, 176
387, 212
388, 155
389, 208
390, 160
391, 160
392, 169
393, 177
394, 164
395, 155
396, 172
397, 159
398, 144
399, 194
400, 171
401, 169
402, 170
403, 168
404, 176
405, 151
406, 172
407, 172
408, 190
409, 157
410, 176
411, 155
412, 188
413, 170
414, 185
415, 168
416, 173
417, 159
418, 213
419, 153
420, 159
421, 200
422, 158
423, 164
424, 164
425, 174
426, 172
427, 174
428, 183
429, 158
430, 162
431, 174
432, 185
433, 172
434, 177
435, 158
436, 181
437, 208
438, 184
439, 161
440, 150
441, 162
442, 187
443, 176
444, 153
445, 188
446, 176
447, 182
448, 177
449, 197
450, 172
451, 155
452, 184
453, 191
454, 202
455, 199
456, 183
457, 189
458, 161
459, 169
460, 160
461, 185
462, 186
463, 183
464, 169
465, 176
466, 161
467, 181
468, 189
469, 177
470, 165
471, 178
472, 171
473, 196
474, 162
475, 172
476, 180
477, 188
478, 189
479, 183
480, 177
481, 179
482, 167
483, 186
484, 183
485, 176
486, 180
487, 186
488, 184
489, 186
490, 197
491, 212
492, 163
493, 193
494, 189
495, 170
496, 197
497, 167
498, 182
499, 194
500, 180
501, 177
502, 172
503, 153
504, 182
505, 181
506, 165
507, 167
508, 201
509, 184
510, 188
511, 184
512, 178
513, 179
514, 178
515, 182
516, 192
517, 199
518, 187
519, 189
520, 203
521, 157
522, 159
523, 194
524, 173
525, 217
526, 198
527, 199
528, 187
529, 182
530, 194
531, 199
532, 176
533, 204
534, 163
535, 197
536, 182
537, 199
538, 187
539, 189
540, 188
541, 180
542, 182
543, 187
544, 171
545, 199
546, 168
547, 192
548, 196
549, 173
550, 182
551, 177
552, 197
553, 200
554, 187
555, 185
556, 193
557, 185
558, 199
559, 196
560, 179
561, 176
562, 164
563, 162
564, 182
565, 173
566, 221
567, 193
568, 179
569, 195
570, 183
571, 181
572, 169
573, 173
574, 192
575, 165
576, 185
577, 194
578, 194
579, 201
580, 199
581, 178
582, 192
583, 202
584, 193
585, 192
586, 198
587, 175
588, 194
589, 186
590, 194
591, 190
592, 186
593, 177
594, 215
595, 164
596, 173
597, 176
598, 184
599, 204
600, 182
601, 199
602, 172
603, 201
604, 190
605, 183
606, 175
607, 181
608, 178
609, 188
610, 185
611, 182
612, 204
613, 187
614, 189
615, 188
616, 203
617, 195
618, 192
619, 205
620, 211
621, 199
622, 189
623, 189
624, 193
625, 178
626, 197
627, 163
628, 186
629, 191
630, 192
631, 219
632, 202
633, 198
634, 195
635, 201
636, 209
637, 167
638, 201
639, 213
640, 199
641, 179
642, 178
643, 197
644, 185
645, 192
646, 208
647, 173
648, 182
649, 179
650, 173
651, 203
652, 183
653, 207
654, 200
655, 179
656, 182
657, 197
658, 195
659, 186
660, 220
661, 207
662, 212
663, 206
664, 177
665, 202
666, 218
667, 183
668, 207
669, 183
670, 185
671, 191
672, 193
673, 199
674, 193
675, 219
676, 218
677, 201
678, 177
679, 198
680, 175
681, 200
682, 197
683, 184
684, 203
685, 196
686, 210
687, 198
688, 197
689, 197
690, 183
691, 190
692, 213
693, 209
694, 211
695, 198
696, 184
697, 202
698, 218
699, 177
700, 198
701, 199
702, 169
703, 193
704, 174
705, 197
706, 197
707, 186
708, 186
709, 210
710, 209
711, 189
712, 226
713, 199
714, 233
715, 195
716, 218
717, 210
718, 196
719, 236
720, 189
721, 190
722, 227
723, 204
724, 196
725, 195
726, 203
727, 199
728, 225
729, 183
730, 200
731, 181
732, 227
733, 197
734, 197
735, 198
736, 238
737, 191
738, 207
739, 210
740, 216
741, 221
742, 210
743, 195
744, 209
745, 210
746, 190
747, 213
748, 207
749, 193
750, 194
751, 209
752, 211
753, 226
754, 213
755, 177
756, 203
757, 206
758, 229
759, 189
760, 222
761, 192
762, 215
763, 204
764, 187
765, 176
766, 228
767, 203
768, 197
769, 223
770, 233
771, 201
772, 200
773, 207
774, 195
775, 200
776, 191
777, 203
778, 235
779, 224
780, 202
781, 196
782, 234
783, 200
784, 222
785, 193
786, 211
787, 186
788, 228
789, 197
790, 213
791, 202
792, 222
793, 204
794, 188
795, 185
796, 188
797, 192
798, 194
799, 209
800, 211
801, 205
802, 203
803, 202
804, 232
805, 213
806, 213
807, 191
808, 223
809, 224
810, 211
811, 220
812, 226
813, 230
814, 242
815, 191
816, 220
817, 233
818, 221
819, 196
820, 214
821, 220
822, 215
823, 213
824, 191
825, 215
826, 213
827, 190
828, 208
829, 207
830, 201
831, 211
832, 202
833, 223
834, 214
835, 220
836, 236
837, 206
838, 215
839, 216
840, 211
841, 215
842, 222
843, 220
844, 206
845, 223
846, 218
847, 224
848, 227
849, 208
850, 236
851, 210
852, 224
853, 211
854, 206
855, 237
856, 219
857, 204
858, 222
859, 210
860, 240
861, 207
862, 200
863, 209
864, 211
865, 215
866, 229
867, 223
868, 218
869, 235
870, 218
871, 211
872, 205
873, 223
874, 204
875, 215
876, 206
877, 201
878, 211
879, 197
880, 223
881, 205
882, 220
883, 212
884, 189
885, 189
886, 227
887, 191
888, 232
889, 256
890, 244
891, 257
892, 215
893, 207
894, 220
895, 234
896, 240
897, 237
898, 217
899, 226
900, 221
901, 225
902, 215
903, 222
904, 243
905, 248
906, 243
907, 211
908, 214
909, 224
910, 212
911, 252
912, 245
913, 209
914, 225
915, 229
916, 242
917, 215
918, 205
919, 223
920, 209
921, 240
922, 213
923, 221
924, 205
925, 243
926, 211
927, 230
928, 194
929, 259
930, 245
931, 258
932, 210
933, 213
934, 209
935, 217
936, 205
937, 232
938, 231
939, 240
940, 243
941, 218
942, 194
943, 229
944, 242
945, 229
946, 246
947, 233
948, 199
949, 219
950, 230
951, 217
952, 226
953, 211
954, 265
955, 253
956, 231
957, 225
958, 224
959, 233
960, 227
961, 234
962, 234
963, 241
964, 249
965, 243
966, 207
967, 208
968, 264
969, 235
970, 222
971, 199
972, 230
973, 235
974, 245
975, 203
976, 200
977, 231
978, 241
979, 231
980, 239
981, 230
982, 214
983, 235
984, 214
985, 220
986, 217
987, 232
988, 245
989, 216
990, 217
991, 238
992, 240
993, 246
994, 233
995, 241
996, 212
997, 244
998, 223
999, 252
1000, 217
1001, 234
1002, 210
1003, 242
1004, 253
1005, 235
1006, 215
1007, 222
1008, 236
1009, 221
1010, 241
1011, 236
1012, 224
1013, 193
1014, 228
1015, 227
1016, 219
1017, 222
1018, 229
1019, 234
1020, 230
1021, 251
1022, 217
1023, 255
1024, 236
1025, 231
1026, 250
1027, 248
1028, 248
1029, 257
1030, 230
1031, 222
1032, 196
1033, 264
1034, 248
1035, 262
1036, 259
1037, 221
1038, 276
1039, 225
1040, 224
1041, 225
1042, 244
1043, 214
1044, 237
1045, 247
1046, 198
1047, 251
1048, 241
1049, 244
1050, 261
1051, 231
1052, 246
1053, 242
1054, 246
1055, 248
1056, 238
1057, 249
1058, 228
1059, 238
1060, 236
1061, 228
1062, 256
1063, 247
1064, 231
1065, 235
1066, 262
1067, 244
1068, 246
1069, 244
1070, 241
1071, 235
1072, 242
1073, 201
1074, 223
1075, 248
1076, 227
1077, 234
1078, 239
1079, 245
1080, 236
1081, 222
1082, 231
1083, 241
1084, 241
1085, 207
1086, 230
1087, 240
1088, 237
1089, 245
1090, 238
1091, 211
1092, 245
1093, 223
1094, 220
1095, 237
1096, 240
1097, 226
1098, 260
1099, 217
1100, 230
1101, 238
1102, 240
1103, 240
1104, 247
1105, 258
1106, 241
1107, 250
1108, 256
1109, 244
1110, 261
1111, 238
1112, 273
1113, 237
1114, 207
1115, 243
1116, 264
1117, 242
1118, 263
1119, 251
1120, 229
1121, 251
1122, 265
1123, 254
1124, 239
1125, 253
1126, 244
1127, 272
1128, 247
1129, 233
1130, 245
1131, 254
1132, 244
1133, 268
1134, 243
1135, 259
1136, 251
1137, 232
1138, 243
1139, 246
1140, 259
1141, 253
1142, 242
1143, 220
1144, 274
1145, 248
1146, 254
1147, 289
1148, 243
1149, 248
1150, 244
1151, 231
1152, 259
1153, 274
1154, 242
1155, 244
1156, 244
1157, 239
1158, 258
1159, 265
1160, 235
1161, 256
1162, 271
1163, 250
1164, 225
1165, 222
1166, 246
1167, 268
1168, 222
1169, 245
1170, 239
1171, 253
1172, 244
1173, 274
1174, 237
1175, 243
1176, 260
1177, 271
1178, 243
1179, 236
1180, 263
1181, 265
1182, 259
1183, 240
1184, 244
1185, 249
1186, 242
1187, 242
1188, 243
1189, 231
1190, 266
1191, 252
1192, 276
1193, 242
1194, 269
1195, 248
1196, 262
1197, 245
1198, 236
1199, 261
1200, 267
1201, 271
1202, 261
1203, 241
1204, 235
1205, 255
1206, 262
1207, 273
1208, 263
1209, 242
1210, 258
1211, 266
1212, 286
1213, 246
1214, 274
1215, 241
1216, 274
1217, 257
1218, 263
1219, 259
1220, 257
1221, 273
1222, 254
1223, 267
1224, 263
1225, 273
1226, 261
1227, 278
1228, 281
1229, 286
1230, 277
1231, 269
1232, 238
1233, 266
1234, 287
1235, 241
1236, 253
1237, 269
1238, 256
1239, 248
1240, 278
1241, 255
1242, 266
1243, 254
1244, 268
1245, 251
1246, 260
1247, 274
1248, 248
1249, 228
1250, 247
1251, 262
1252, 250
1253, 296
1254, 291
1255, 261
1256, 273
1257, 244
1258, 268
1259, 259
1260, 289
1261, 274
1262, 286
1263, 261
1264, 243
1265, 230
1266, 256
1267, 258
1268, 274
1269, 268
1270, 256
1271, 242
1272, 250
1273, 275
1274, 278
1275, 257
1276, 262
1277, 290
1278, 269
1279, 242
1280, 279
1281, 248
1282, 246
1283, 266
1284, 256
1285, 277
1286, 271
1287, 270
1288, 270
1289, 268
1290, 254
1291, 261
1292, 266
1293, 268
1294, 254
1295, 266
1296, 263
1297, 263
1298, 276
1299, 279
1300, 278
1301, 287
1302, 286
1303, 273
1304, 271
1305, 279
1306, 281
1307, 284
1308, 269
1309, 279
1310, 278
1311, 258
1312, 276
1313, 270
1314, 285
1315, 261
1316, 267
1317, 257
1318, 267
1319, 304
1320, 273
1321, 273
1322, 261
1323, 283
1324, 280
1325, 261
1326, 265
1327, 261
1328, 269
1329, 284
1330, 243
1331, 255
1332, 258
1333, 245
1334, 258
1335, 270
1336, 268
1337, 280
1338, 265
1339, 290
1340, 290
1341, 281
1342, 272
1343, 265
1344, 270
1345, 262
1346, 247
1347, 269
1348, 290
1349, 270
1350, 291
1351, 244
1352, 267
1353, 274
1354, 273
1355, 286
1356, 261
1357, 268
1358, 280
1359, 253
1360, 281
1361, 277
1362, 290
1363, 263
1364, 263
1365, 262
1366, 274
1367, 294
1368, 262
1369, 251
1370, 287
1371, 262
1372, 278
1373, 248
1374, 277
1375, 284
1376, 294
1377, 278
1378, 274
1379, 248
1380, 262
1381, 262
1382, 267
1383, 275
1384, 297
1385, 256
1386, 278
1387, 281
1388, 277
1389, 284
1390, 264
1391, 288
1392, 248
1393, 289
1394, 248
1395, 315
1396, 244
1397, 299
1398, 291
1399, 283
1400, 276
1401, 280
1402, 258
1403, 283
1404, 289
1405, 286
1406, 288
1407, 291
1408, 270
1409, 276
1410, 276
1411, 273
1412, 286
1413, 270
1414, 274
1415, 272
1416, 273
1417, 312
1418, 257
1419, 303
1420, 284
1421, 289
1422, 278
1423, 273
1424, 298
1425, 285
1426, 309
1427, 311
1428, 280
1429, 297
1430, 261
1431, 301
1432, 298
1433, 250
1434, 297
1435, 285
1436, 291
1437, 302
1438, 277
1439, 296
1440, 289
1441, 297
1442, 307
1443, 291
1444, 272
1445, 277
1446, 292
1447, 259
1448, 271
1449, 273
1450, 293
1451, 299
1452, 280
1453, 277
1454, 292
1455, 306
1456, 287
1457, 280
1458, 238
1459, 289
1460, 264
1461, 283
1462, 269
1463, 298
1464, 324
1465, 288
1466, 266
1467, 278
1468, 279
1469, 290
1470, 293
1471, 295
1472, 317
1473, 277
1474, 296
1475, 258
1476, 289
1477, 284
1478, 285
1479, 274
1480, 272
1481, 293
1482, 284
1483, 302
1484, 254
1485, 272
1486, 278
1487, 301
1488, 300
1489, 281
1490, 291
1491, 301
1492, 315
1493, 284
1494, 279
1495, 294
1496, 315
1497, 310
1498, 289
1499, 278
1500, 291
1501, 306
1502, 304
1503, 282
1504, 284
1505, 277
1506, 303
1507, 300
1508, 274
1509, 282
1510, 281
1511, 295
1512, 286
1513, 322
1514, 283
1515, 277
1516, 266
1517, 287
1518, 315
1519, 293
1520, 306
1521, 315
1522, 313
1523, 307
1524, 299
1525, 260
1526, 278
1527, 287
1528, 286
1529, 275
1530, 300
1531, 324
1532, 291
1533, 323
1534, 302
1535, 287
1536, 308
1537, 286
1538, 273
1539, 287
1540, 294
1541, 332
1542, 305
1543, 313
1544, 286
1545, 281
1546, 305
1547, 293
1548, 306
1549, 295
1550, 316
1551, 289
1552, 314
1553, 300
1554, 294
1555, 283
1556, 280
1557, 307
1558, 309
1559, 305
1560, 300
1561, 295
1562, 300
1563, 297
1564, 281
1565, 294
1566, 304
1567, 324
1568, 271
1569, 306
1570, 300
1571, 295
1572, 320
1573, 275
1574, 298
1575, 322
1576, 293
1577, 286
1578, 258
1579, 299
1580, 291
1581, 273
1582, 292
1583, 305
1584, 303
1585, 311
1586, 312
1587, 313
1588, 340
1589, 314
1590, 329
1591, 295
1592, 300
1593, 286
1594, 324
1595, 290
1596, 322
1597, 299
1598, 292
1599, 316
1600, 299
1601, 284
1602, 305
1603, 321
1604, 318
1605, 290
1606, 291
1607, 328
1608, 296
1609, 292
1610, 338
1611, 310
1612, 293
1613, 314
1614, 309
1615, 300
1616, 323
1617, 327
1618, 277
1619, 314
1620, 326
1621, 285
1622, 286
1623, 303
1624, 311
1625, 312
1626, 312
1627, 292
1628, 357
1629, 313
1630, 285
1631, 317
1632, 308
1633, 341
1634, 289
1635, 294
1636, 271
1637, 289
1638, 314
1639, 312
1640, 327
1641, 293
1642, 300
1643, 280
1644, 295
1645, 300
1646, 307
1647, 291
1648, 309
1649, 305
1650, 314
1651, 301
1652, 307
1653, 329
1654, 331
1655, 325
1656, 274
1657, 321
1658, 324
1659, 300
1660, 332
1661, 306
1662, 304
1663, 292
1664, 301
1665, 323
1666, 311
1667, 331
1668, 313
1669, 309
1670, 306
1671, 317
1672, 349
1673, 359
1674, 308
1675, 306
1676, 273
1677, 301
1678, 307
1679, 295
1680, 321
1681, 308
1682, 310
1683, 299
1684, 317
1685, 305
1686, 313
1687, 338
1688, 316
1689, 303
1690, 295
1691, 329
1692, 296
1693, 340
1694, 347
1695, 298
1696, 315
1697, 320
1698, 310
1699, 321
1700, 306
1701, 332
1702, 305
1703, 322
1704, 275
1705, 304
1706, 299
1707, 334
1708, 331
1709, 309
1710, 332
1711, 300
1712, 301
1713, 337
1714, 300
1715, 322
1716, 330
1717, 297
1718, 350
1719, 332
1720, 330
1721, 328
1722, 326
1723, 297
1724, 324
1725, 332
1726, 323
1727, 326
1728, 329
1729, 304
1730, 339
1731, 317
1732, 316
1733, 323
1734, 331
1735, 353
1736, 324
1737, 320
1738, 325
1739, 325
1740, 308
1741, 313
1742, 324
1743, 350
1744, 319
1745, 351
1746, 307
1747, 358
1748, 334
1749, 321
1750, 331
1751, 333
1752, 342
1753, 299
1754, 316
1755, 302
1756, 307
1757, 344
1758, 340
1759, 337
1760, 320
1761, 315
1762, 305
1763, 336
1764, 300
1765, 340
1766, 332
1767, 312
1768, 326
1769, 339
1770, 340
1771, 341
1772, 337
1773, 329
1774, 329
1775, 311
1776, 313
1777, 337
1778, 351
1779, 344
1780, 344
1781, 312
1782, 309
1783, 300
1784, 326
1785, 331
1786, 319
1787, 324
1788, 354
1789, 343
1790, 331
1791, 329
1792, 322
1793, 301
1794, 318
1795, 327
1796, 314
1797, 345
1798, 333
1799, 339
1800, 366
1801, 312
1802, 311
1803, 317
1804, 323
1805, 334
1806, 329
1807, 323
1808, 301
1809, 315
1810, 315
1811, 306
1812, 319
1813, 336
1814, 319
1815, 303
1816, 352
1817, 325
1818, 320
1819, 331
1820, 358
1821, 320
1822, 303
1823, 336
1824, 325
1825, 328
1826, 336
1827, 317
1828, 330
1829, 309
1830, 312
1831, 332
1832, 334
1833, 311
1834, 316
1835, 311
1836, 352
1837, 367
1838, 361
1839, 367
1840, 343
1841, 331
1842, 334
1843, 335
1844, 313
1845, 321
1846, 343
1847, 331
1848, 355
1849, 323
1850, 340
1851, 329
1852, 346
1853, 331
1854, 321
1855, 318
1856, 304
1857, 332
1858, 337
1859, 333
1860, 302
1861, 346
1862, 360
1863, 346
1864, 321
1865, 323
1866, 326
1867, 334
1868, 343
1869, 318
1870, 349
1871, 321
1872, 328
1873, 373
1874, 320
1875, 321
1876, 328
1877, 335
1878, 325
1879, 335
1880, 349
1881, 352
1882, 338
1883, 329
1884, 316
1885, 345
1886, 343
1887, 320
1888, 331
1889, 342
1890, 331
1891, 329
1892, 327
1893, 342
1894, 346
1895, 328
1896, 370
1897, 336
1898, 321
1899, 329
1900, 344
1901, 338
1902, 319
1903, 355
1904, 343
1905, 317
1906, 342
1907, 344
1908, 325
1909, 342
1910, 358
1911, 339
1912, 380
1913, 363
1914, 347
1915, 334
1916, 334
1917, 336
1918, 340
1919, 339
1920, 350
1921, 327
1922, 330
1923, 362
1924, 331
1925, 309
1926, 339
1927, 353
1928, 367
1929, 343
1930, 345
1931, 361
1932, 366
1933, 328
1934, 335
1935, 365
1936, 344
1937, 326
1938, 334
1939, 344
1940, 326
1941, 320
1942, 313
1943, 369
1944, 313
1945, 389
1946, 354
1947, 380
1948, 308
1949, 346
1950, 342
1951, 359
1952, 349
1953, 356
1954, 365
1955, 345
1956, 332
1957, 366
1958, 340
1959, 347
1960, 329
1961, 375
1962, 335
1963, 341
1964, 321
1965, 354
1966, 349
1967, 361
1968, 350
1969, 352
1970, 360
1971, 366
1972, 356
1973, 339
1974, 325
1975, 357
1976, 366
1977, 375
1978, 318
1979, 350
1980, 376
1981, 355
1982, 350
1983, 330
1984, 348
1985, 326
1986, 349
1987, 358
1988, 340
1989, 339
1990, 331
1991, 353
1992, 355
1993, 351
1994, 347
1995, 352
1996, 365
1997, 358
1998, 366
1999, 356
2000, 353
2001, 353
2002, 348
2003, 345
2004, 360
2005, 402
2006, 348
2007, 373
2008, 380
2009, 373
2010, 354
2011, 362
2012, 377
2013, 333
2014, 341
2015, 380
2016, 331
2017, 373
2018, 372
2019, 351
2020, 335
2021, 350
2022, 355
2023, 354
2024, 326
2025, 350
2026, 336
2027, 385
2028, 367
2029, 376
2030, 330
2031, 397
2032, 346
2033, 344
2034, 373
2035, 362
2036, 329
2037, 348
2038, 345
2039, 342
2040, 384
2041, 359
2042, 362
2043, 349
2044, 349
2045, 374
2046, 368
2047, 360
2048, 360
2049, 389
2050, 353
2051, 379
2052, 350
2053, 357
2054, 364
2055, 322
2056, 353
2057, 351
2058, 382
2059, 346
2060, 359
2061, 360
2062, 378
2063, 379
2064, 351
2065, 359
2066, 357
2067, 375
2068, 371
2069, 362
2070, 369
2071, 370
2072, 349
2073, 347
2074, 334
2075, 340
2076, 325
2077, 375
2078, 349
2079, 348
2080, 368
2081, 367
2082, 402
2083, 335
2084, 391
2085, 347
2086, 394
2087, 319
2088, 386
2089, 378
2090, 392
2091, 377
2092, 354
2093, 342
2094, 387
2095, 367
2096, 375
2097, 363
2098, 389
2099, 363
2100, 365
2101, 381
2102, 355
2103, 352
2104, 353
2105, 358
2106, 371
2107, 364
2108, 369
2109, 352
2110, 362
2111, 360
2112, 387
2113, 350
2114, 338
2115, 383
2116, 348
2117, 330
2118, 352
2119, 354
2120, 386
2121, 334
2122, 378
2123, 393
2124, 399
2125, 408
2126, 376
2127, 383
2128, 370
2129, 371
2130, 388
2131, 341
2132, 387
2133, 387
2134, 355
2135, 375
2136, 417
2137, 386
2138, 375
2139, 368
2140, 395
2141, 360
2142, 410
2143, 404
2144, 391
2145, 353
2146, 385
2147, 346
2148, 336
2149, 353
2150, 352
2151, 382
2152, 374
2153, 392
2154, 373
2155, 372
2156, 360
2157, 366
2158, 360
2159, 341
2160, 370
2161, 359
2162, 371
2163, 364
2164, 383
2165, 355
2166, 369
2167, 376
2168, 376
2169, 342
2170, 374
2171, 373
2172, 379
2173, 371
2174, 366
2175, 400
2176, 394
2177, 365
2178, 403
2179, 370
2180, 337
2181, 403
2182, 390
2183, 349
2184, 389
2185, 403
2186, 376
2187, 381
2188, 374
2189, 381
2190, 386
2191, 415
2192, 407
2193, 389
2194, 357
2195, 374
2196, 378
2197, 395
2198, 355
2199, 390
2200, 358
2201, 368
2202, 343
2203, 347
2204, 408
2205, 350
2206, 377
2207, 362
2208, 414
2209, 358
2210, 383
2211, 368
2212, 396
2213, 364
2214, 371
2215, 401
2216, 374
2217, 387
2218, 343
2219, 373
2220, 380
2221, 375
2222, 349
2223, 372
2224, 390
2225, 368
2226, 383
2227, 393
2228, 376
2229, 390
2230, 399
2231, 388
2232, 357
2233, 387
2234, 394
2235, 393
2236, 399
2237, 370
2238, 386
2239, 398
2240, 365
2241, 352
2242, 371
2243, 367
2244, 362
2245, 368
2246, 367
2247, 379
2248, 360
2249, 395
2250, 394
2251, 396
2252, 374
2253, 391
2254, 399
2255, 420
2256, 402
2257, 394
2258, 383
2259, 382
2260, 368
2261, 371
2262, 380
2263, 413
2264, 402
2265, 358
2266, 391
2267, 394
2268, 378
2269, 394
2270, 385
2271, 369
2272, 367
2273, 374
2274, 422
2275, 365
2276, 376
2277, 416
2278, 416
2279, 394
2280, 386
2281, 397
2282, 376
2283, 393
2284, 363
2285, 395
2286, 358
2287, 369
2288, 382
2289, 438
2290, 397
2291, 403
2292, 399
2293, 402
2294, 399
2295, 402
2296, 417
2297, 395
2298, 378
2299, 410
2300, 383
2301, 390
2302, 414
2303, 384
2304, 391
2305, 371
2306, 378
2307, 378
2308, 376
2309, 365
2310, 415
2311, 399
2312, 373
2313, 381
2314, 379
2315, 387
2316, 383
2317, 392
2318, 400
2319, 396
2320, 397
2321, 383
2322, 394
2323, 378
2324, 382
2325, 420
2326, 371
2327, 410
2328, 364
2329, 382
2330, 383
2331, 375
2332, 387
2333, 423
2334, 395
2335, 391
2336, 386
2337, 389
2338, 362
2339, 374
2340, 392
2341, 394
2342, 385
2343, 389
2344, 367
2345, 417
2346, 425
2347, 453
2348, 384
2349, 398
2350, 391
2351, 393
2352, 402
2353, 423
2354, 399
2355, 397
2356, 409
2357, 399
2358, 390
2359, 350
2360, 384
2361, 399
2362, 400
2363, 397
2364, 397
2365, 394
2366, 401
2367, 397
2368, 380
2369, 394
2370, 390
2371, 378
2372, 444
2373, 376
2374, 365
2375, 419
2376, 391
2377, 379
2378, 395
2379, 392
2380, 391
2381, 384
2382, 372
2383, 409
2384, 382
2385, 440
2386, 391
2387, 397
2388, 415
2389, 376
2390, 389
2391, 396
2392, 368
2393, 414
2394, 398
2395, 386
2396, 396
2397, 412
2398, 412
2399, 395
2400, 384
2401, 398
2402, 407
2403, 427
2404, 384
2405, 381
2406, 444
2407, 413
2408, 412
2409, 391
2410, 412
2411, 383
2412, 409
2413, 403
2414, 442
2415, 428
2416, 382
2417, 384
2418, 394
2419, 392
2420, 380
2421, 413
2422, 429
2423, 399
2424, 410
2425, 403
2426, 415
2427, 431
2428, 406
2429, 406
2430, 421
2431, 450
2432, 399
2433, 363
2434, 417
2435, 404
2436, 437
2437, 397
2438, 427
2439, 405
2440, 447
2441, 398
2442, 427
2443, 412
2444, 411
2445, 402
2446, 380
2447, 429
2448, 416
2449, 432
2450, 401
2451, 434
2452, 390
2453, 403
2454, 392
2455, 386
2456, 404
2457, 393
2458, 410
2459, 414
2460, 390
2461, 402
2462, 396
2463, 382
2464, 396
2465, 404
2466, 357
2467, 426
2468, 391
2469, 405
2470, 414
2471, 441
2472, 396
2473, 416
2474, 412
2475, 421
2476, 409
2477, 402
2478, 407
2479, 420
2480, 407
2481, 410
2482, 430
2483, 403
2484, 454
2485, 385
2486, 439
2487, 450
2488, 415
2489, 388
2490, 394
2491, 419
2492, 425
2493, 426
2494, 420
2495, 422
2496, 401
2497, 446
2498, 421
2499, 406
2500, 410
2501, 394
2502, 390
2503, 401
2504, 402
2505, 428
2506, 393
2507, 372
2508, 411
2509, 422
2510, 433
2511, 420
2512, 397
2513, 420
2514, 470
2515, 401
2516, 417
2517, 408
2518, 430
2519, 414
2520, 401
2521, 415
2522, 431
2523, 388
2524, 395
2525, 418
2526, 432
2527, 420
2528, 417
2529, 415
2530, 426
2531, 431
2532, 406
2533, 404
2534, 405
2535, 416
2536, 415
2537, 429
2538, 411
2539, 417
2540, 419
2541, 421
2542, 421
2543, 397
2544, 403
2545, 422
2546, 441
2547, 389
2548, 404
2549, 449
2550, 439
2551, 460
2552, 384
2553, 440
2554, 415
2555, 453
2556, 415
2557, 434
2558, 412
2559, 406
2560, 445
2561, 447
2562, 418
2563, 421
2564, 432
2565, 466
2566, 440
2567, 436
2568, 414
2569, 425
2570, 437
2571, 409
2572, 453
2573, 401
2574, 455
2575, 391
2576, 425
2577, 417
2578, 425
2579, 417
2580, 432
2581, 379
2582, 427
2583, 436
2584, 414
2585, 447
2586, 462
2587, 409
2588, 434
2589, 440
2590, 434
2591, 407
2592, 443
2593, 434
2594, 419
2595, 441
2596, 438
2597, 442
2598, 449
2599, 445
2600, 404
2601, 423
2602, 402
2603, 406
2604, 434
2605, 452
2606, 433
2607, 418
2608, 431
2609, 384
2610, 406
2611, 456
2612, 434
2613, 394
2614, 413
2615, 449
2616, 461
2617, 437
2618, 444
2619, 438
2620, 430
2621, 421
2622, 479
2623, 430
2624, 403
2625, 452
2626, 386
2627, 418
2628, 446
2629, 422
2630, 426
2631, 433
2632, 452
2633, 415
2634, 402
2635, 419
2636, 410
2637, 472
2638, 435
2639, 437
2640, 433
2641, 418
2642, 439
2643, 458
2644, 446
2645, 400
2646, 435
2647, 410
2648, 399
2649, 444
2650, 422
2651, 439
2652, 440
2653, 484
2654, 387
2655, 415
2656, 465
2657, 438
2658, 469
2659, 452
2660, 434
2661, 430
2662, 456
2663, 442
2664, 426
2665, 440
2666, 419
2667, 439
2668, 479
2669, 390
2670, 430
2671, 408
2672, 485
2673, 414
2674, 438
2675, 453
2676, 426
2677, 438
2678, 433
2679, 436
2680, 430
2681, 423
2682, 420
2683, 435
2684, 440
2685, 426
2686, 439
2687, 447
2688, 447
2689, 437
2690, 444
2691, 498
2692, 453
2693, 421
2694, 475
2695, 444
2696, 467
2697, 425
2698, 414
2699, 435
2700, 473
2701, 441
2702, 467
2703, 430
2704, 408
2705, 460
2706, 429
2707, 429
2708, 449
2709, 442
2710, 426
2711, 430
2712, 456
2713, 467
2714, 408
2715, 415
2716, 425
2717, 414
2718, 465
2719, 478
2720, 458
2721, 456
2722, 434
2723, 444
2724, 443
2725, 423
2726, 440
2727, 452
2728, 436
2729, 462
2730, 423
2731, 447
2732, 453
2733, 431
2734, 463
2735, 414
2736, 439
2737, 426
2738, 436
2739, 436
2740, 428
2741, 437
2742, 441
2743, 433
2744, 469
2745, 437
2746, 390
2747, 473
2748, 460
2749, 447
2750, 478
2751, 408
2752, 455
2753, 461
2754, 441
2755, 436
2756, 474
2757, 433
2758, 493
2759, 427
2760, 446
2761, 462
2762, 429
2763, 435
2764, 450
2765, 451
2766, 445
2767, 436
2768, 415
2769, 494
2770, 443
2771, 474
2772, 451
2773, 436
2774, 447
2775, 473
2776, 425
2777, 434
2778, 397
2779, 470
2780, 434
2781, 427
2782, 440
2783, 444
2784, 440
2785, 430
2786, 426
2787, 456
2788, 432
2789, 465
2790, 454
2791, 448
2792, 466
2793, 430
2794, 443
2795, 456
2796, 485
2797, 467
2798, 474
2799, 451
2800, 453
2801, 458
2802, 458
2803, 443
2804, 452
2805, 459
2806, 474
2807, 448
2808, 448
2809, 431
2810, 413
2811, 427
2812, 454
2813, 454
2814, 485
2815, 474
2816, 508
2817, 436
2818, 478
2819, 469
2820, 474
2821, 463
2822, 461
2823, 448
2824, 445
2825, 447
2826, 466
2827, 468
2828, 417
2829, 463
2830, 438
2831, 449
2832, 485
2833, 434
2834, 416
2835, 451
2836, 485
2837, 479
2838, 471
2839, 473
2840, 486
2841, 482
2842, 453
2843, 449
2844, 461
2845, 456
2846, 457
2847, 443
2848, 464
2849, 476
2850, 456
2851, 451
2852, 456
2853, 473
2854, 468
2855, 412
2856, 460
2857, 468
2858, 478
2859, 471
2860, 439
2861, 446
2862, 422
2863, 450
2864, 452
2865, 454
2866, 414
2867, 459
2868, 470
2869, 441
2870, 454
2871, 427
2872, 453
2873, 444
2874, 475
2875, 485
2876, 482
2877, 474
2878, 451
2879, 457
2880, 469
2881, 436
2882, 449
2883, 434
2884, 485
2885, 468
2886, 474
2887, 439
2888, 486
2889, 436
2890, 432
2891, 497
2892, 463
2893, 437
2894, 465
2895, 470
2896, 473
2897, 468
2898, 471
2899, 460
2900, 500
2901, 461
2902, 495
2903, 425
2904, 475
2905, 479
2906, 448
2907, 478
2908, 483
2909, 468
2910, 483
2911, 482
2912, 478
2913, 443
2914, 443
2915, 468
2916, 501
2917, 463
2918, 470
2919, 498
2920, 477
2921, 435
2922, 440
2923, 434
2924, 483
2925, 465
2926, 505
2927, 492
2928, 459
2929, 441
2930, 480
2931, 500
2932, 507
2933, 483
2934, 465
2935, 446
2936, 455
2937, 462
2938, 420
2939, 461
2940, 457
2941, 431
2942, 462
2943, 463
2944, 476
2945, 448
2946, 504
2947, 490
2948, 479
2949, 461
2950, 476
2951, 485
2952, 486
2953, 503
2954, 475
2955, 420
2956, 456
2957, 465
2958, 502
2959, 516
2960, 502
2961, 487
2962, 442
2963, 497
2964, 461
2965, 480
2966, 482
2967, 475
2968, 460
2969, 470
2970, 465
2971, 494
2972, 469
2973, 459
2974, 483
2975, 496
2976, 476
2977, 491
2978, 483
2979, 460
2980, 445
2981, 477
2982, 486
2983, 459
2984, 476
2985, 475
2986, 464
2987, 440
2988, 474
2989, 473
2990, 475
2991, 480
2992, 498
2993, 507
2994, 484
2995, 471
2996, 435
2997, 493
2998, 488
2999, 476
3000, 496
3001, 484
3002, 467
3003, 465
3004, 484
3005, 464
3006, 479
3007, 484
3008, 486
3009, 434
3010, 492
3011, 495
3012, 487
3013, 492
3014, 500
3015, 459
3016, 480
3017, 465
3018, 484
3019, 474
3020, 487
3021, 431
3022, 469
3023, 478
3024, 464
3025, 478
3026, 457
3027, 437
3028, 476
3029, 472
3030, 541
3031, 490
3032, 475
3033, 517
3034, 477
3035, 454
3036, 466
3037, 474
3038, 494
3039, 475
3040, 460
3041, 454
3042, 470
3043, 532
3044, 496
3045, 449
3046, 496
3047, 478
3048, 492
3049, 512
3050, 460
3051, 502
3052, 449
3053, 480
3054, 474
3055, 496
3056, 439
3057, 474
3058, 457
3059, 475
3060, 472
3061, 472
3062, 481
3063, 466
3064, 482
3065, 511
3066, 455
3067, 466
3068, 474
3069, 504
3070, 492
3071, 516
3072, 459
3073, 491
3074, 492
3075, 512
3076, 502
3077, 483
3078, 473
3079, 484
3080, 491
3081, 495
3082, 441
3083, 480
3084, 533
3085, 497
3086, 488
3087, 474
3088, 471
3089, 448
3090, 481
3091, 491
3092, 490
3093, 542
3094, 482
3095, 464
3096, 493
3097, 507
3098, 514
3099, 484
3100, 536
3101, 492
3102, 463
3103, 440
3104, 472
3105, 448
3106, 474
3107, 460
3108, 501
3109, 488
3110, 473
3111, 518
3112, 519
3113, 464
3114, 465
3115, 452
3116, 526
3117, 456
3118, 479
3119, 493
3120, 455
3121, 489
3122, 496
3123, 447
3124, 541
3125, 491
3126, 459
3127, 461
3128, 493
3129, 508
3130, 498
3131, 491
3132, 492
3133, 535
3134, 497
3135, 474
3136, 473
3137, 490
3138, 481
3139, 481
3140, 485
3141, 472
3142, 466
3143, 505
3144, 481
3145, 476
3146, 476
3147, 533
3148, 519
3149, 505
3150, 474
3151, 507
3152, 466
3153, 489
3154, 497
3155, 516
3156, 502
3157, 507
3158, 518
3159, 469
3160, 472
3161, 462
3162, 485
3163, 471
3164, 465
3165, 466
3166, 478
3167, 488
3168, 536
3169, 489
3170, 489
3171, 483
3172, 487
3173, 485
3174, 507
3175, 497
3176, 514
3177, 501
3178, 432
3179, 511
3180, 469
3181, 493
3182, 512
3183, 445
3184, 518
3185, 497
3186, 521
3187, 512
3188, 488
3189, 476
3190, 484
3191, 460
3192, 484
3193, 462
3194, 495
3195, 520
3196, 509
3197, 454
3198, 491
3199, 489
3200, 480
3201, 496
3202, 529
3203, 521
3204, 500
3205, 516
3206, 511
3207, 475
3208, 500
3209, 521
3210, 484
3211, 509
3212, 515
3213, 472
3214, 487
3215, 486
3216, 536
3217, 537
3218, 513
3219, 485
3220, 511
3221, 486
3222, 514
3223, 481
3224, 529
3225, 466
3226, 499
3227, 523
3228, 497
3229, 525
3230, 479
3231, 527
3232, 520
3233, 448
3234, 490
3235, 528
3236, 495
3237, 477
3238, 514
3239, 467
3240, 536
3241, 502
3242, 512
3243, 507
3244, 505
3245, 481
3246, 475
3247, 447
3248, 509
3249, 451
3250, 509
3251, 505
3252, 499
3253, 527
3254, 473
3255, 467
3256, 499
3257, 496
3258, 531
3259, 501
3260, 537
3261, 524
3262, 495
3263, 467
3264, 497
3265, 520
3266, 518
3267, 538
3268, 501
3269, 534
3270, 492
3271, 501
3272, 516
3273, 495
3274, 516
3275, 509
3276, 537
3277, 504
3278, 501
3279, 512
3280, 486
3281, 493
3282, 535
3283, 514
3284, 550
3285, 467
3286, 509
3287, 472
3288, 495
3289, 513
3290, 489
3291, 504
3292, 517
3293, 509
3294, 515
3295, 511
3296, 492
3297, 479
3298, 505
3299, 521
3300, 462
3301, 548
3302, 477
3303, 491
3304, 509
3305, 461
3306, 511
3307, 517
3308, 534
3309, 527
3310, 505
3311, 530
3312, 509
3313, 534
3314, 482
3315, 563
3316, 501
3317, 502
3318, 533
3319, 467
3320, 531
3321, 515
3322, 497
3323, 545
3324, 526
3325, 498
3326, 472
3327, 507
3328, 500
3329, 496
3330, 484
3331, 536
3332, 482
3333, 506
3334, 508
3335, 490
3336, 555
3337, 513
3338, 449
3339, 521
3340, 502
3341, 514
3342, 502
3343, 521
3344, 493
3345, 503
3346, 543
3347, 557
3348, 506
3349, 505
3350, 503
3351, 526
3352, 473
3353, 490
3354, 513
3355, 497
3356, 540
3357, 560
3358, 539
3359, 514
3360, 527
3361, 502
3362, 539
3363, 524
3364, 522
3365, 495
3366, 524
3367, 490
3368, 484
3369, 501
3370, 480
3371, 478
3372, 521
3373, 526
3374, 506
3375, 559
3376, 511
3377, 496
3378, 493
3379, 478
3380, 495
3381, 478
3382, 493
3383, 498
3384, 513
3385, 530
3386, 485
3387, 518
3388, 514
3389, 525
3390, 507
3391, 506
3392, 501
3393, 515
3394, 490
3395, 527
3396, 531
3397, 520
3398, 563
3399, 556
3400, 499
3401, 516
3402, 560
3403, 532
3404, 528
3405, 531
3406, 500
3407, 527
3408, 546
3409, 505
3410, 524
3411, 546
3412, 510
3413, 497
3414, 530
3415, 551
3416, 505
3417, 523
3418, 507
3419, 521
3420, 505
3421, 504
3422, 533
3423, 563
3424, 509
3425, 523
3426, 505
3427, 486
3428, 488
3429, 529
3430, 561
3431, 514
3432, 502
3433, 554
3434, 533
3435, 482
3436, 510
3437, 526
3438, 541
3439, 528
3440, 525
3441, 527
3442, 558
3443, 518
3444, 523
3445, 513
3446, 531
3447, 479
3448, 493
3449, 532
3450, 517
3451, 514
3452, 557
3453, 525
3454, 527
3455, 507
3456, 538
3457, 522
3458, 579
3459, 547
3460, 514
3461, 502
3462, 492
3463, 496
3464, 488
3465, 509
3466, 507
3467, 534
3468, 516
3469, 490
3470, 537
3471, 470
3472, 528
3473, 519
3474, 533
3475, 521
3476, 529
3477, 523
3478, 525
3479, 487
3480, 550
3481, 527
3482, 504
3483, 550
3484, 563
3485, 501
3486, 547
3487, 522
3488, 525
3489, 495
3490, 551
3491, 515
3492, 541
3493, 489
3494, 541
3495, 560
3496, 517
3497, 523
3498, 536
3499, 513
3500, 507
3501, 498
3502, 532
3503, 509
3504, 533
3505, 492
3506, 505
3507, 521
3508, 535
3509, 560
3510, 551
3511, 558
3512, 529
3513, 550
3514, 503
3515, 528
3516, 515
3517, 491
3518, 533
3519, 512
3520, 540
3521, 533
3522, 539
3523, 574
3524, 528
3525, 555
3526, 520
3527, 504
3528, 520
3529, 561
3530, 552
3531, 513
3532, 531
3533, 543
3534, 533
3535, 521
3536, 505
3537, 542
3538, 519
3539, 543
3540, 521
3541, 556
3542, 554
3543, 569
3544, 551
3545, 523
3546, 542
3547, 507
3548, 521
3549, 538
3550, 542
3551, 500
3552, 569
3553, 520
3554, 502
3555, 520
3556, 520
3557, 510
3558, 534
3559, 533
3560, 544
3561, 515
3562, 555
3563, 548
3564, 527
3565, 555
3566, 523
3567, 567
3568, 545
3569, 574
3570, 524
3571, 509
3572, 542
3573, 525
3574, 545
3575, 543
3576, 567
3577, 550
3578, 551
3579, 509
3580, 556
3581, 560
3582, 520
3583, 528
3584, 510
3585, 534
3586, 513
3587, 560
3588, 513
3589, 556
3590, 540
3591, 486
3592, 557
3593, 541
3594, 512
3595, 508
3596, 581
3597, 513
3598, 471
3599, 537
3600, 545
3601, 515
3602, 516
3603, 556
3604, 563
3605, 561
3606, 553
3607, 559
3608, 578
3609, 549
3610, 548
3611, 526
3612, 526
3613, 522
3614, 541
3615, 543
3616, 541
3617, 564
3618, 556
3619, 564
3620, 541
3621, 523
3622, 559
3623, 521
3624, 557
3625, 558
3626, 544
3627, 519
3628, 569
3629, 548
3630, 580
3631, 522
3632, 516
3633, 542
3634, 516
3635, 568
3636, 562
3637, 549
3638, 537
3639, 518
3640, 545
3641, 534
3642, 545
3643, 475
3644, 493
3645, 547
3646, 486
3647, 557
3648, 595
3649, 522
3650, 530
3651, 563
3652, 549
3653, 560
3654, 529
3655, 551
3656, 529
3657, 593
3658, 530
3659, 562
3660, 533
3661, 549
3662, 556
3663, 598
3664, 537
3665, 597
3666, 517
3667, 548
3668, 518
3669, 554
3670, 515
3671, 567
3672, 570
3673, 535
3674, 559
3675, 552
3676, 547
3677, 568
3678, 555
3679, 536
3680, 512
3681, 588
3682, 562
3683, 538
3684, 492
3685, 536
3686, 560
3687, 584
3688, 564
3689, 557
3690, 556
3691, 570
3692, 507
3693, 533
3694, 520
3695, 529
3696, 522
3697, 563
3698, 549
3699, 551
3700, 534
3701, 556
3702, 538
3703, 541
3704, 550
3705, 548
3706, 507
3707, 552
3708, 513
3709, 537
3710, 563
3711, 529
3712, 554
3713, 583
3714, 510
3715, 561
3716, 536
3717, 565
3718, 528
3719, 507
3720, 526
3721, 561
3722, 553
3723, 550
3724, 541
3725, 577
3726, 523
3727, 556
3728, 525
3729, 585
3730, 551
3731, 522
3732, 574
3733, 517
3734, 573
3735, 532
3736, 567
3737, 478
3738, 528
3739, 466
3740, 556
3741, 528
3742, 567
3743, 530
3744, 582
3745, 570
3746, 526
3747, 541
3748, 556
3749, 580
3750, 546
3751, 548
3752, 546
3753, 561
3754, 550
3755, 517
3756, 493
3757, 562
3758, 545
3759, 530
3760, 607
3761, 535
3762, 577
3763, 544
3764, 545
3765, 540
3766, 516
3767, 569
3768, 544
3769, 567
3770, 550
3771, 526
3772, 559
3773, 546
3774, 543
3775, 531
3776, 564
3777, 558
3778, 532
3779, 577
3780, 538
3781, 581
3782, 568
3783, 539
3784, 551
3785, 616
3786, 524
3787, 522
3788, 509
3789, 596
3790, 521
3791, 554
3792, 547
3793, 556
3794, 574
3795, 581
3796, 583
3797, 543
3798, 531
3799, 550
3800, 554
3801, 515
3802, 533
3803, 542
3804, 557
3805, 566
3806, 549
3807, 511
3808, 574
3809, 551
3810, 555
3811, 571
3812, 564
3813, 569
3814, 543
3815, 564
3816, 566
3817, 565
3818, 545
3819, 590
3820, 566
3821, 560
3822, 541
3823, 561
3824, 567
3825, 591
3826, 574
3827, 571
3828, 600
3829, 588
3830, 535
3831, 564
3832, 535
3833, 552
3834, 574
3835, 600
3836, 550
3837, 568
3838, 536
3839, 565
3840, 547
3841, 549
3842, 542
3843, 522
3844, 596
3845, 535
3846, 557
3847, 559
3848, 508
3849, 528
3850, 592
3851, 548
3852, 600
3853, 601
3854, 576
3855, 540
3856, 591
3857, 613
3858, 622
3859, 549
3860, 546
3861, 560
3862, 552
3863, 555
3864, 600
3865, 627
3866, 538
3867, 585
3868, 563
3869, 551
3870, 536
3871, 540
3872, 550
3873, 568
3874, 574
3875, 519
3876, 550
3877, 570
3878, 570
3879, 582
3880, 583
3881, 561
3882, 597
3883, 560
3884, 539
3885, 557
3886, 568
3887, 578
3888, 581
3889, 553
3890, 571
3891, 592
3892, 551
3893, 586
3894, 568
3895, 578
3896, 560
3897, 561
3898, 551
3899, 535
3900, 581
3901, 567
3902, 547
3903, 533
3904, 559
3905, 557
3906, 566
3907, 545
3908, 563
3909, 551
3910, 565
3911, 587
3912, 587
3913, 560
3914, 568
3915, 549
3916, 573
3917, 585
3918, 551
3919, 562
3920, 582
3921, 579
3922, 569
3923, 573
3924, 578
3925, 578
3926, 566
3927, 568
3928, 524
3929, 547
3930, 571
3931, 569
3932, 570
3933, 536
3934, 575
3935, 564
3936, 513
3937, 607
3938, 562
3939, 542
3940, 544
3941, 546
3942, 595
3943, 564
3944, 589
3945, 614
3946, 564
3947, 538
3948, 565
3949, 581
3950, 565
3951, 551
3952, 572
3953, 524
3954, 581
3955, 543
3956, 548
3957, 589
3958, 557
3959, 594
3960, 537
3961, 619
3962, 580
3963, 610
3964, 554
3965, 589
3966, 560
3967, 519
3968, 540
3969, 564
3970, 577
3971, 570
3972, 583
3973, 591
3974, 559
3975, 568
3976, 603
3977, 582
3978, 588
3979, 583
3980, 548
3981, 547
3982, 576
3983, 542
3984, 556
3985, 564
3986, 588
3987, 612
3988, 543
3989, 572
3990, 543
3991, 579
3992, 575
3993, 592
3994, 570
3995, 608
3996, 577
3997, 533
3998, 574
3999, 539
4000, 526
4001, 562
4002, 538
4003, 531
4004, 594
4005, 606
4006, 576
4007, 590
4008, 526
4009, 557
4010, 617
4011, 544
4012, 572
4013, 575
4014, 519
4015, 536
4016, 583
4017, 535
4018, 588
4019, 544
4020, 533
4021, 578
4022, 580
4023, 559
4024, 579
4025, 558
4026, 579
4027, 544
4028, 570
4029, 579
4030, 562
4031, 585
4032, 585
4033, 578
4034, 574
4035, 568
4036, 604
4037, 523
4038, 523
4039, 556
4040, 547
4041, 559
4042, 584
4043, 585
4044, 547
4045, 560
4046, 592
4047, 574
4048, 563
4049, 588
4050, 583
4051, 590
4052, 549
4053, 600
4054, 589
4055, 577
4056, 592
4057, 592
4058, 568
4059, 568
4060, 585
4061, 583
4062, 578
4063, 564
4064, 616
4065, 550
4066, 591
4067, 554
4068, 534
4069, 562
4070, 560
4071, 614
4072, 588
4073, 590
4074, 561
4075, 560
4076, 547
4077, 586
4078, 558
4079, 581
4080, 586
4081, 558
4082, 554
4083, 588
4084, 540
4085, 565
4086, 587
4087, 588
4088, 569
4089, 575
4090, 549
4091, 596
4092, 518
4093, 546
4094, 583
4095, 569
4096, 549
4097, 621
4098, 574
4099, 533
4100, 578
4101, 613
4102, 556
4103, 587
4104, 595
4105, 542
4106, 584
4107, 581
4108, 634
4109, 568
4110, 587
4111, 588
4112, 581
4113, 613
4114, 559
4115, 617
4116, 544
4117, 614
4118, 616
4119, 581
4120, 551
4121, 592
4122, 552
4123, 562
4124, 551
4125, 577
4126, 595
4127, 564
4128, 578
4129, 549
4130, 567
4131, 591
4132, 543
4133, 589
4134, 579
4135, 584
4136, 558
4137, 567
4138, 558
4139, 591
4140, 598
4141, 580
4142, 537
4143, 573
4144, 590
4145, 554
4146, 584
4147, 540
4148, 577
4149, 571
4150, 581
4151, 544
4152, 614
4153, 587
4154, 555
4155, 610
4156, 519
4157, 566
4158, 629
4159, 551
4160, 612
4161, 573
4162, 584
4163, 618
4164, 632
4165, 612
4166, 612
4167, 613
4168, 593
4169, 589
4170, 603
4171, 599
4172, 562
4173, 632
4174, 561
4175, 594
4176, 568
4177, 590
4178, 606
4179, 561
4180, 591
4181, 596
4182, 611
4183, 567
4184, 559
4185, 549
4186, 553
4187, 579
4188, 605
4189, 570
4190, 627
4191, 600
4192, 612
4193, 590
4194, 551
4195, 616
4196, 598
4197, 605
4198, 589
4199, 576
4200, 627
4201, 583
4202, 570
4203, 547
4204, 522
4205, 577
4206, 577
4207, 562
4208, 583
4209, 607
4210, 612
4211, 584
4212, 615
4213, 608
4214, 606
4215, 534
4216, 545
4217, 572
4218, 604
4219, 600
4220, 580
4221, 545
4222, 600
4223, 585
4224, 606
4225, 579
4226, 595
4227, 619
4228, 554
4229, 617
4230, 578
4231, 527
4232, 576
4233, 584
4234, 580
4235, 549
4236, 579
4237, 541
4238, 581
4239, 599
4240, 548
4241, 547
4242, 629
4243, 612
4244, 582
4245, 586
4246, 547
4247, 567
4248, 548
4249, 615
4250, 597
4251, 609
4252, 562
4253, 576
4254, 564
4255, 572
4256, 592
4257, 534
4258, 576
4259, 578
4260, 580
4261, 592
4262, 607
4263, 553
4264, 581
4265, 567
4266, 566
4267, 548
4268, 574
4269, 592
4270, 586
4271, 586
4272, 554
4273, 588
4274, 556
4275, 551
4276, 585
4277, 587
4278, 566
4279, 540
4280, 579
4281, 566
4282, 571
4283, 592
4284, 564
4285, 606
4286, 600
4287, 597
4288, 579
4289, 586
4290, 552
4291, 606
4292, 575
4293, 571
4294, 575
4295, 602
4296, 591
4297, 563
4298, 586
4299, 578
4300, 611
4301, 555
4302, 580
4303, 610
4304, 573
4305, 557
4306, 580
4307, 588
4308, 565
4309, 571
4310, 603
4311, 601
4312, 560
4313, 568
4314, 582
4315, 550
4316, 597
4317, 550
4318, 584
4319, 593
4320, 587
4321, 616
4322, 556
4323, 599
4324, 604
4325, 586
4326, 580
4327, 586
4328, 594
4329, 611
4330, 579
4331, 597
4332, 601
4333, 574
4334, 607
4335, 581
4336, 611
4337, 615
4338, 588
4339, 569
4340, 553
4341, 567
4342, 587
4343, 588
4344, 584
4345, 578
4346, 576
4347, 583
4348, 588
4349, 600
4350, 619
4351, 609
4352, 584
4353, 596
4354, 584
4355, 577
4356, 637
4357, 575
4358, 615
4359, 586
4360, 571
4361, 583
4362, 582
4363, 557
4364, 582
4365, 573
4366, 598
4367, 599
4368, 602
4369, 597
4370, 584
4371, 605
4372, 595
4373, 593
4374, 598
4375, 576
4376, 611
4377, 549
4378, 594
4379, 571
4380, 591
4381, 549
4382, 591
4383, 613
4384, 580
4385, 635
4386, 599
4387, 638
4388, 576
4389, 568
4390, 595
4391, 630
4392, 608
4393, 592
4394, 619
4395, 590
4396, 616
4397, 597
4398, 553
4399, 627
4400, 619
4401, 594
4402, 585
4403, 600
4404, 591
4405, 620
4406, 622
4407, 576
4408, 568
4409, 594
4410, 605
4411, 567
4412, 591
4413, 636
4414, 565
4415, 593
4416, 602
4417, 580
4418, 596
4419, 615
4420, 612
4421, 591
4422, 612
4423, 555
4424, 609
4425, 527
4426, 608
4427, 568
4428, 598
4429, 578
4430, 596
4431, 537
4432, 543
4433, 548
4434, 602
4435, 582
4436, 572
4437, 625
4438, 583
4439, 580
4440, 601
4441, 591
4442, 597
4443, 588
4444, 594
4445, 570
4446, 594
4447, 582
4448, 619
4449, 599
4450, 585
4451, 606
4452, 606
4453, 574
4454, 611
4455, 542
4456, 582
4457, 584
4458, 580
4459, 559
4460, 587
4461, 646
4462, 628
4463, 607
4464, 583
4465, 555
4466, 626
4467, 586
4468, 598
4469, 611
4470, 632
4471, 607
4472, 607
4473, 596
4474, 602
4475, 603
4476, 626
4477, 583
4478, 573
4479, 628
4480, 623
4481, 607
4482, 588
4483, 586
4484, 591
4485, 604
4486, 586
4487, 599
4488, 597
4489, 591
4490, 575
4491, 597
4492, 554
4493, 583
4494, 574
4495, 615
4496, 566
4497, 584
4498, 603
4499, 569
4500, 613
4501, 574
4502, 584
4503, 574
4504, 555
4505, 590
4506, 597
4507, 635
4508, 587
4509, 592
4510, 607
4511, 578
4512, 605
4513, 604
4514, 616
4515, 595
4516, 642
4517, 610
4518, 596
4519, 594
4520, 599
4521, 613
4522, 626
4523, 608
4524, 634
4525, 580
4526, 563
4527, 598
4528, 599
4529, 581
4530, 592
4531, 604
4532, 570
4533, 611
4534, 588
4535, 572
4536, 594
4537, 573
4538, 587
4539, 584
4540, 644
4541, 615
4542, 574
4543, 617
4544, 589
4545, 623
4546, 604
4547, 577
4548, 613
4549, 611
4550, 567
4551, 610
4552, 609
4553, 601
4554, 580
4555, 638
4556, 575
4557, 629
4558, 602
4559, 571
4560, 595
4561, 566
4562, 607
4563, 622
4564, 631
4565, 627
4566, 596
4567, 580
4568, 579
4569, 571
4570, 579
4571, 599
4572, 571
4573, 532
4574, 617
4575, 625
4576, 639
4577, 597
4578, 647
4579, 624
4580, 604
4581, 598
4582, 566
4583, 581
4584, 610
4585, 578
4586, 616
4587, 602
4588, 594
4589, 595
4590, 574
4591, 611
4592, 602
4593, 571
4594, 638
4595, 631
4596, 596
4597, 622
4598, 596
4599, 568
4600, 642
4601, 608
4602, 598
4603, 592
4604, 598
4605, 658
4606, 599
4607, 615
4608, 604
4609, 627
4610, 586
4611, 618
4612, 580
4613, 577
4614, 611
4615, 536
4616, 604
4617, 593
4618, 575
4619, 592
4620, 598
4621, 592
4622, 630
4623, 576
4624, 607
4625, 563
4626, 654
4627, 574
4628, 573
4629, 609
4630, 570
4631, 573
4632, 594
4633, 554
4634, 592
4635, 579
4636, 594
4637, 582
4638, 576
4639, 597
4640, 596
4641, 568
4642, 593
4643, 574
4644, 606
4645, 592
4646, 570
4647, 589
4648, 585
4649, 576
4650, 592
4651, 629
4652, 618
4653, 593
4654, 564
4655, 600
4656, 641
4657, 613
4658, 593
4659, 583
4660, 539
4661, 591
4662, 608
4663, 570
4664, 599
4665, 603
4666, 547
4667, 572
4668, 576
4669, 634
4670, 591
4671, 603
4672, 585
4673, 577
4674, 614
4675, 582
4676, 625
4677, 575
4678, 583
4679, 601
4680, 580
4681, 572
4682, 563
4683, 588
4684, 559
4685, 628
4686, 555
4687, 595
4688, 593
4689, 580
4690, 608
4691, 608
4692, 537
4693, 603
4694, 580
4695, 611
4696, 583
4697, 535
4698, 567
4699, 558
4700, 630
4701, 606
4702, 560
4703, 591
4704, 597
4705, 580
4706, 578
4707, 644
4708, 604
4709, 595
4710, 607
4711, 601
4712, 570
4713, 580
4714, 594
4715, 595
4716, 617
4717, 608
4718, 582
4719, 594
4720, 633
4721, 589
4722, 616
4723, 580
4724, 612
4725, 618
4726, 635
4727, 581
4728, 594
4729, 592
4730, 573
4731, 595
4732, 602
4733, 598
4734, 593
4735, 592
4736, 584
4737, 593
4738, 613
4739, 586
4740, 569
4741, 613
4742, 585
4743, 581
4744, 589
4745, 629
4746, 548
4747, 600
4748, 610
4749, 598
4750, 603
4751, 615
4752, 585
4753, 574
4754, 619
4755, 631
4756, 596
4757, 574
4758, 630
4759, 595
4760, 580
4761, 615
4762, 594
4763, 583
4764, 638
4765, 572
4766, 595
4767, 595
4768, 571
4769, 561
4770, 611
4771, 592
4772, 617
4773, 594
4774, 577
4775, 600
4776, 612
4777, 599
4778, 601
4779, 593
4780, 619
4781, 586
4782, 591
4783, 584
4784, 620
4785, 605
4786, 589
4787, 583
4788, 625
4789, 597
4790, 606
4791, 573
4792, 587
4793, 570
4794, 632
4795, 574
4796, 570
4797, 576
4798, 593
4799, 610
4800, 605
4801, 548
4802, 607
4803, 585
4804, 600
4805, 596
4806, 562
4807, 605
4808, 562
4809, 595
4810, 577
4811, 586
4812, 579
4813, 598
4814, 580
4815, 537
4816, 559
4817, 613
4818, 601
4819, 598
4820, 583
4821, 632
4822, 609
4823, 586
4824, 609
4825, 577
4826, 604
4827, 581
4828, 598
4829, 617
4830, 637
4831, 542
4832, 549
4833, 601
4834, 583
4835, 622
4836, 615
4837, 561
4838, 605
4839, 597
4840, 590
4841, 571
4842, 591
4843, 608
4844, 559
4845, 603
4846, 620
4847, 609
4848, 575
4849, 619
4850, 557
4851, 605
4852, 570
4853, 631
4854, 601
4855, 558
4856, 592
4857, 574
4858, 559
4859, 660
4860, 587
4861, 590
4862, 583
4863, 585
4864, 628
4865, 624
4866, 609
4867, 609
4868, 638
4869, 624
4870, 615
4871, 589
4872, 573
4873, 552
4874, 569
4875, 573
4876, 549
4877, 653
4878, 566
4879, 553
4880, 587
4881, 563
4882, 570
4883, 561
4884, 598
4885, 605
4886, 600
4887, 586
4888, 561
4889, 593
4890, 572
4891, 590
4892, 588
4893, 605
4894, 587
4895, 605
4896, 626
4897, 600
4898, 617
4899, 561
4900, 567
4901, 613
4902, 585
4903, 579
4904, 603
4905, 596
4906, 634
4907, 556
4908, 595
4909, 626
4910, 574
4911, 568
4912, 572
4913, 593
4914, 620
4915, 607
4916, 635
4917, 600
4918, 594
4919, 599
4920, 576
4921, 592
4922, 531
4923, 570
4924, 581
4925, 588
4926, 590
4927, 632
4928, 585
4929, 621
4930, 599
4931, 613
4932, 621
4933, 594
4934, 585
4935, 590
4936, 592
4937, 579
4938, 611
4939, 608
4940, 600
4941, 582
4942, 582
4943, 600
4944, 581
4945, 594
4946, 623
4947, 562
4948, 591
4949, 629
4950, 617
4951, 585
4952, 629
4953, 576
4954, 609
4955, 584
4956, 643
4957, 554
4958, 595
4959, 606
4960, 592
4961, 565
4962, 560
4963, 572
4964, 595
4965, 593
4966, 593
4967, 612
4968, 606
4969, 576
4970, 570
4971, 635
4972, 558
4973, 612
4974, 581
4975, 559
4976, 574
4977, 604
4978, 575
4979, 599
4980, 570
4981, 607
4982, 615
4983, 601
4984, 604
4985, 550
4986, 561
4987, 586
4988, 621
4989, 548
4990, 570
4991, 589
4992, 555
4993, 619
4994, 585
4995, 500
4996, 616
4997, 615
4998, 421
4999, 815
5000, 378
5001, 612
5002, 575
5003, 547
5004, 588
5005, 586
5006, 530
5007, 596
5008, 588
5009, 603
5010, 564
5011, 601
5012, 560
5013, 579
5014, 590
5015, 611
5016, 555
5017, 599
5018, 606
5019, 545
5020, 555
5021, 608
5022, 574
5023, 603
5024, 598
5025, 625
5026, 558
5027, 553
5028, 604
5029, 579
5030, 598
5031, 576
5032, 561
5033, 602
5034, 597
5035, 594
5036, 627
5037, 625
5038, 596
5039, 608
5040, 597
5041, 565
5042, 571
5043, 585
5044, 584
5045, 599
5046, 559
5047, 577
5048, 560
5049, 567
5050, 553
5051, 579
5052, 574
5053, 587
5054, 605
5055, 584
5056, 554
5057, 570
5058, 630
5059, 569
5060, 579
5061, 603
5062, 582
5063, 598
5064, 562
5065, 558
5066, 608
5067, 584
5068, 603
5069, 604
5070, 580
5071, 582
5072, 601
5073, 588
5074, 540
5075, 561
5076, 602
5077, 561
5078, 572
5079, 591
5080, 626
5081, 551
5082, 556
5083, 556
5084, 586
5085, 593
5086, 568
5087, 566
5088, 606
5089, 561
5090, 600
5091, 590
5092, 582
5093, 590
5094, 548
5095, 555
5096, 641
5097, 620
5098, 583
5099, 566
5100, 606
5101, 556
5102, 585
5103, 611
5104, 551
5105, 579
5106, 627
5107, 612
5108, 586
5109, 599
5110, 587
5111, 588
5112, 632
5113, 621
5114, 617
5115, 607
5116, 596
5117, 570
5118, 625
5119, 580
5120, 582
5121, 554
5122, 572
5123, 602
5124, 575
5125, 586
5126, 575
5127, 643
5128, 603
5129, 633
5130, 595
5131, 608
5132, 565
5133, 573
5134, 592
5135, 584
5136, 582
5137, 601
5138, 611
5139, 615
5140, 574
5141, 607
5142, 578
5143, 593
5144, 627
5145, 592
5146, 590
5147, 611
5148, 575
5149, 596
5150, 566
5151, 616
5152, 594
5153, 572
5154, 616
5155, 583
5156, 580
5157, 622
5158, 610
5159, 607
5160, 588
5161, 561
5162, 599
5163, 567
5164, 595
5165, 575
5166, 572
5167, 565
5168, 598
5169, 589
5170, 603
5171, 555
5172, 610
5173, 610
5174, 599
5175, 629
5176, 615
5177, 640
5178, 562
5179, 606
5180, 618
5181, 577
5182, 591
5183, 587
5184, 582
5185, 602
5186, 633
5187, 574
5188, 611
5189, 591
5190, 590
5191, 629
5192, 592
5193, 545
5194, 591
5195, 557
5196, 549
5197, 587
5198, 613
5199, 585
5200, 567
5201, 566
5202, 627
5203, 623
5204, 587
5205, 592
5206, 627
5207, 599
5208, 601
5209, 592
5210, 582
5211, 627
5212, 583
5213, 607
5214, 593
5215, 571
5216, 630
5217, 579
5218, 612
5219, 599
5220, 603
5221, 583
5222, 588
5223, 578
5224, 601
5225, 563
5226, 571
5227, 630
5228, 589
5229, 616
5230, 594
5231, 612
5232, 604
5233, 599
5234, 556
5235, 589
5236, 595
5237, 599
5238, 593
5239, 579
5240, 588
5241, 598
5242, 595
5243, 637
5244, 590
5245, 589
5246, 642
5247, 597
5248, 602
5249, 624
5250, 608
5251, 563
5252, 685
5253, 607
5254, 588
5255, 577
5256, 595
5257, 616
5258, 623
5259, 587
5260, 608
5261, 601
5262, 613
5263, 564
5264, 565
5265, 614
5266, 643
5267, 614
5268, 628
5269, 629
5270, 604
5271, 602
5272, 582
5273, 617
5274, 579
5275, 582
5276, 607
5277, 623
5278, 602
5279, 596
5280, 598
5281, 597
5282, 588
5283, 593
5284, 634
5285, 590
5286, 575
5287, 550
5288, 606
5289, 665
5290, 600
5291, 538
5292, 586
5293, 599
5294, 551
5295, 588
5296, 586
5297, 582
5298, 576
5299, 583
5300, 585
5301, 621
5302, 633
5303, 606
5304, 617
5305, 607
5306, 599
5307, 558
5308, 608
5309, 584
5310, 577
5311, 623
5312, 602
5313, 618
5314, 589
5315, 606
5316, 612
5317, 592
5318, 604
5319, 593
5320, 600
5321, 584
5322, 587
5323, 573
5324, 587
5325, 601
5326, 610
5327, 609
5328, 573
5329, 550
5330, 598
5331, 570
5332, 608
5333, 629
5334, 583
5335, 590
5336, 623
5337, 577
5338, 612
5339, 561
5340, 609
5341, 570
5342, 581
5343, 546
5344, 615
5345, 551
5346, 598
5347, 601
5348, 607
5349, 558
5350, 560
5351, 605
5352, 582
5353, 566
5354, 608
5355, 614
5356, 596
5357, 547
5358, 557
5359, 580
5360, 578
5361, 615
5362, 573
5363, 630
5364, 576
5365, 600
5366, 566
5367, 580
5368, 560
5369, 582
5370, 603
5371, 570
5372, 624
5373, 595
5374, 619
5375, 573
5376, 626
5377, 586
5378, 628
5379, 600
5380, 628
5381, 600
5382, 584
5383, 628
5384, 552
5385, 630
5386, 659
5387, 612
5388, 605
5389, 575
5390, 553
5391, 603
5392, 617
5393, 587
5394, 550
5395, 627
5396, 617
5397, 578
5398, 630
5399, 574
5400, 596
5401, 600
5402, 570
5403, 616
5404, 606
5405, 564
5406, 594
5407, 580
5408, 580
5409, 560
5410, 597
5411, 562
5412, 585
5413, 589
5414, 581
5415, 565
5416, 583
5417, 581
5418, 599
5419, 569
5420, 561
5421, 611
5422, 547
5423, 588
5424, 626
5425, 557
5426, 582
5427, 569
5428, 582
5429, 643
5430, 601
5431, 582
5432, 611
5433, 585
5434, 588
5435, 635
5436, 623
5437, 598
5438, 620
5439, 590
5440, 571
5441, 569
5442, 609
5443, 578
5444, 582
5445, 586
5446, 560
5447, 606
5448, 620
5449, 619
5450, 589
5451, 583
5452, 546
5453, 584
5454, 636
5455, 576
5456, 560
5457, 605
5458, 544
5459, 576
5460, 556
5461, 575
5462, 587
5463, 589
5464, 588
5465, 594
5466, 609
5467, 587
5468, 606
5469, 612
5470, 533
5471, 591
5472, 576
5473, 571
5474, 596
5475, 568
5476, 576
5477, 589
5478, 592
5479, 568
5480, 604
5481, 596
5482, 608
5483, 605
5484, 607
5485, 607
5486, 583
5487, 539
5488, 583
5489, 601
5490, 650
5491, 580
5492, 587
5493, 594
5494, 594
5495, 569
5496, 597
5497, 562
5498, 612
5499, 613
5500, 581
5501, 597
5502, 611
5503, 626
5504, 585
5505, 614
5506, 561
5507, 587
5508, 591
5509, 579
5510, 590
5511, 568
5512, 613
5513, 651
5514, 597
5515, 564
5516, 591
5517, 613
5518, 592
5519, 627
5520, 602
5521, 583
5522, 616
5523, 616
5524, 618
5525, 578
5526, 617
5527, 585
5528, 604
5529, 585
5530, 570
5531, 581
5532, 572
5533, 610
5534, 592
5535, 524
5536, 612
5537, 625
5538, 633
5539, 596
5540, 577
5541, 619
5542, 563
5543, 615
5544, 561
5545, 604
5546, 588
5547, 602
5548, 601
5549, 563
5550, 583
5551, 609
5552, 566
5553, 561
5554, 605
5555, 612
5556, 607
5557, 577
5558, 619
5559, 619
5560, 573
5561, 588
5562, 566
5563, 609
5564, 580
5565, 574
5566, 626
5567, 579
5568, 609
5569, 554
5570, 592
5571, 582
5572, 582
5573, 604
5574, 615
5575, 583
5576, 559
5577, 607
5578, 575
5579, 572
5580, 569
5581, 601
5582, 605
5583, 577
5584, 605
5585, 584
5586, 577
5587, 624
5588, 568
5589, 569
5590, 568
5591, 595
5592, 591
5593, 544
5594, 592
5595, 585
5596, 610
5597, 632
5598, 548
5599, 598
5600, 538
5601, 646
5602, 595
5603, 555
5604, 628
5605, 569
5606, 605
5607, 586
5608, 557
5609, 627
5610, 600
5611, 575
5612, 573
5613, 597
5614, 579
5615, 606
5616, 560
5617, 580
5618, 578
5619, 618
5620, 571
5621, 607
5622, 617
5623, 589
5624, 569
5625, 610
5626, 592
5627, 570
5628, 580
5629, 587
5630, 547
5631, 549
5632, 586
5633, 587
5634, 526
5635, 519
5636, 604
5637, 579
5638, 584
5639, 612
5640, 570
5641, 566
5642, 583
5643, 593
5644, 585
5645, 593
5646, 610
5647, 560
5648, 578
5649, 613
5650, 575
5651, 600
5652, 566
5653, 618
5654, 596
5655, 599
5656, 580
5657, 590
5658, 583
5659, 609
5660, 587
5661, 575
5662, 590
5663, 630
5664, 599
5665, 574
5666, 592
5667, 577
5668, 595
5669, 570
5670, 571
5671, 545
5672, 586
5673, 590
5674, 553
5675, 569
5676, 586
5677, 617
5678, 582
5679, 610
5680, 576
5681, 611
5682, 603
5683, 566
5684, 544
5685, 530
5686, 538
5687, 559
5688, 602
5689, 556
5690, 571
5691, 607
5692, 657
5693, 623
5694, 617
5695, 561
5696, 580
5697, 589
5698, 580
5699, 554
5700, 590
5701, 571
5702, 586
5703, 557
5704, 597
5705, 574
5706, 586
5707, 568
5708, 606
5709, 550
5710, 552
5711, 582
5712, 629
5713, 589
5714, 582
5715, 613
5716, 627
5717, 599
5718, 583
5719, 611
5720, 588
5721, 582
5722, 578
5723, 606
5724, 558
5725, 565
5726, 550
5727, 584
5728, 572
5729, 558
5730, 563
5731, 590
5732, 615
5733, 583
5734, 576
5735, 558
5736, 601
5737, 592
5738, 578
5739, 539
5740, 609
5741, 599
5742, 528
5743, 580
5744, 546
5745, 635
5746, 584
5747, 551
5748, 616
5749, 612
5750, 550
5751, 590
5752, 553
5753, 578
5754, 582
5755, 565
5756, 617
5757, 586
5758, 579
5759, 592
5760, 579
5761, 560
5762, 622
5763, 616
5764, 565
5765, 565
5766, 580
5767, 622
5768, 563
5769, 567
5770, 554
5771, 561
5772, 599
5773, 576
5774, 637
5775, 575
5776, 561
5777, 574
5778, 621
5779, 647
5780, 560
5781, 587
5782, 565
5783, 582
5784, 616
5785, 611
5786, 530
5787, 602
5788, 563
5789, 585
5790, 612
5791, 529
5792, 573
5793, 538
5794, 612
5795, 580
5796, 591
5797, 586
5798, 596
5799, 601
5800, 577
5801, 597
5802, 587
5803, 578
5804, 567
5805, 615
5806, 580
5807, 589
5808, 613
5809, 604
5810, 591
5811, 580
5812, 605
5813, 571
5814, 579
5815, 591
5816, 609
5817, 587
5818, 582
5819, 546
5820, 553
5821, 575
5822, 588
5823, 565
5824, 595
5825, 592
5826, 576
5827, 546
5828, 545
5829, 625
5830, 600
5831, 575
5832, 567
5833, 603
5834, 589
5835, 539
5836, 577
5837, 612
5838, 547
5839, 552
5840, 524
5841, 595
5842, 574
5843, 568
5844, 571
5845, 610
5846, 574
5847, 590
5848, 616
5849, 594
5850, 573
5851, 620
5852, 587
5853, 621
5854, 587
5855, 631
5856, 597
5857, 581
5858, 549
5859, 541
5860, 613
5861, 529
5862, 597
5863, 524
5864, 547
5865, 598
5866, 589
5867, 561
5868, 598
5869, 597
5870, 583
5871, 599
5872, 572
5873, 608
5874, 575
5875, 596
5876, 578
5877, 553
5878, 603
5879, 573
5880, 571
5881, 608
5882, 610
5883, 552
5884, 574
5885, 580
5886, 554
5887, 546
5888, 592
5889, 611
5890, 558
5891, 604
5892, 601
5893, 563
5894, 575
5895, 594
5896, 559
5897, 588
5898, 629
5899, 582
5900, 560
5901, 594
5902, 560
5903, 542
5904, 555
5905, 547
5906, 546
5907, 589
5908, 542
5909, 569
5910, 553
5911, 593
5912, 564
5913, 537
5914, 563
5915, 591
5916, 591
5917, 570
5918, 509
5919, 573
5920, 550
5921, 549
5922, 614
5923, 576
5924, 567
5925, 549
5926, 557
5927, 577
5928, 561
5929, 564
5930, 539
5931, 588
5932, 578
5933, 552
5934, 587
5935, 561
5936, 568
5937, 582
5938, 545
5939, 585
5940, 607
5941, 554
5942, 603
5943, 580
5944, 572
5945, 597
5946, 577
5947, 575
5948, 579
5949, 583
5950, 584
5951, 572
5952, 561
5953, 574
5954, 589
5955, 559
5956, 590
5957, 601
5958, 567
5959, 582
5960, 545
5961, 597
5962, 521
5963, 596
5964, 543
5965, 540
5966, 507
5967, 576
5968, 605
5969, 565
5970, 584
5971, 602
5972, 569
5973, 577
5974, 562
5975, 573
5976, 569
5977, 541
5978, 621
5979, 590
5980, 570
5981, 572
5982, 563
5983, 604
5984, 585
5985, 562
5986, 584
5987, 575
5988, 582
5989, 602
5990, 611
5991, 551
5992, 592
5993, 574
5994, 597
5995, 535
5996, 526
5997, 546
5998, 580
5999, 592
6000, 622
6001, 521
6002, 535
6003, 622
6004, 550
6005, 546
6006, 545
6007, 606
6008, 544
6009, 582
6010, 526
6011, 584
6012, 568
6013, 546
6014, 537
6015, 551
6016, 527
6017, 533
6018, 544
6019, 507
6020, 570
6021, 579
6022, 592
6023, 581
6024, 580
6025, 564
6026, 566
6027, 575
6028, 591
6029, 587
6030, 579
6031, 554
6032, 559
6033, 541
6034, 582
6035, 543
6036, 538
6037, 570
6038, 526
6039, 574
6040, 568
6041, 583
6042, 552
6043, 552
6044, 563
6045, 589
6046, 545
6047, 549
6048, 579
6049, 563
6050, 591
6051, 577
6052, 606
6053, 541
6054, 546
6055, 553
6056, 555
6057, 579
6058, 533
6059, 573
6060, 584
6061, 579
6062, 571
6063, 592
6064, 571
6065, 516
6066, 544
6067, 539
6068, 581
6069, 559
6070, 535
6071, 574
6072, 563
6073, 543
6074, 542
6075, 561
6076, 566
6077, 593
6078, 576
6079, 570
6080, 535
6081, 569
6082, 609
6083, 584
6084, 536
6085, 546
6086, 554
6087, 569
6088, 548
6089, 559
6090, 578
6091, 560
6092, 522
6093, 571
6094, 565
6095, 547
6096, 535
6097, 593
6098, 560
6099, 542
6100, 534
6101, 545
6102, 549
6103, 560
6104, 537
6105, 574
6106, 543
6107, 608
6108, 540
6109, 562
6110, 576
6111, 547
6112, 552
6113, 568
6114, 557
6115, 539
6116, 520
6117, 597
6118, 574
6119, 608
6120, 580
6121, 581
6122, 533
6123, 576
6124, 594
6125, 595
6126, 557
6127, 525
6128, 564
6129, 593
6130, 526
6131, 539
6132, 556
6133, 590
6134, 553
6135, 596
6136, 563
6137, 580
6138, 576
6139, 565
6140, 592
6141, 527
6142, 591
6143, 546
6144, 567
6145, 564
6146, 563
6147, 588
6148, 550
6149, 530
6150, 552
6151, 514
6152, 511
6153, 602
6154, 589
6155, 580
6156, 522
6157, 545
6158, 575
6159, 546
6160, 558
6161, 545
6162, 546
6163, 553
6164, 552
6165, 579
6166, 544
6167, 569
6168, 587
6169, 551
6170, 551
6171, 554
6172, 600
6173, 565
6174, 537
6175, 601
6176, 557
6177, 554
6178, 535
6179, 542
6180, 581
6181, 545
6182, 536
6183, 540
6184, 582
6185, 538
6186, 539
6187, 539
6188, 564
6189, 563
6190, 529
6191, 549
6192, 555
6193, 574
6194, 550
6195, 577
6196, 561
6197, 553
6198, 560
6199, 541
6200, 529
6201, 545
6202, 534
6203, 533
6204, 548
6205, 563
6206, 561
6207, 555
6208, 560
6209, 519
6210, 591
6211, 586
6212, 539
6213, 532
6214, 536
6215, 530
6216, 584
6217, 526
6218, 600
6219, 555
6220, 530
6221, 546
6222, 618
6223, 532
6224, 560
6225, 547
6226, 515
6227, 507
6228, 550
6229, 553
6230, 564
6231, 571
6232, 609
6233, 540
6234, 543
6235, 511
6236, 594
6237, 527
6238, 563
6239, 519
6240, 571
6241, 573
6242, 549
6243, 534
6244, 560
6245, 515
6246, 592
6247, 521
6248, 584
6249, 565
6250, 605
6251, 520
6252, 557
6253, 583
6254, 530
6255, 534
6256, 497
6257, 525
6258, 581
6259, 539
6260, 564
6261, 577
6262, 547
6263, 591
6264, 556
6265, 574
6266, 552
6267, 524
6268, 593
6269, 551
6270, 580
6271, 555
6272, 567
6273, 563
6274, 527
6275, 583
6276, 555
6277, 529
6278, 542
6279, 578
6280, 545
6281, 522
6282, 532
6283, 564
6284, 553
6285, 513
6286, 549
6287, 552
6288, 580
6289, 525
6290, 521
6291, 585
6292, 576
6293, 525
6294, 572
6295, 558
6296, 544
6297, 551
6298, 525
6299, 537
6300, 512
6301, 558
6302, 516
6303, 574
6304, 571
6305, 533
6306, 553
6307, 537
6308, 515
6309, 551
6310, 514
6311, 557
6312, 547
6313, 529
6314, 554
6315, 529
6316, 564
6317, 529
6318, 533
6319, 545
6320, 562
6321, 582
6322, 534
6323, 555
6324, 546
6325, 536
6326, 524
6327, 561
6328, 546
6329, 547
6330, 512
6331, 548
6332, 587
6333, 557
6334, 538
6335, 532
6336, 528
6337, 520
6338, 541
6339, 523
6340, 518
6341, 533
6342, 526
6343, 531
6344, 529
6345, 579
6346, 527
6347, 557
6348, 533
6349, 560
6350, 582
6351, 566
6352, 521
6353, 561
6354, 557
6355, 535
6356, 551
6357, 525
6358, 574
6359, 547
6360, 558
6361, 590
6362, 502
6363, 525
6364, 558
6365, 580
6366, 539
6367, 543
6368, 519
6369, 534
6370, 529
6371, 593
6372, 550
6373, 551
6374, 524
6375, 503
6376, 558
6377, 579
6378, 536
6379, 533
6380, 563
6381, 582
6382, 553
6383, 514
6384, 512
6385, 531
6386, 561
6387, 569
6388, 539
6389, 559
6390, 565
6391, 539
6392, 527
6393, 498
6394, 490
6395, 555
6396, 526
6397, 515
6398, 597
6399, 591
6400, 526
6401, 532
6402, 531
6403, 561
6404, 498
6405, 518
6406, 482
6407, 565
6408, 542
6409, 561
6410, 521
6411, 519
6412, 541
6413, 558
6414, 573
6415, 545
6416, 515
6417, 600
6418, 530
6419, 546
6420, 514
6421, 562
6422, 543
6423, 543
6424, 521
6425, 543
6426, 556
6427, 561
6428, 557
6429, 535
6430, 518
6431, 526
6432, 552
6433, 530
6434, 551
6435, 502
6436, 505
6437, 498
6438, 500
6439, 543
6440, 507
6441, 518
6442, 522
6443, 506
6444, 537
6445, 543
6446, 528
6447, 549
6448, 533
6449, 491
6450, 510
6451, 531
6452, 542
6453, 575
6454, 538
6455, 531
6456, 511
6457, 536
6458, 500
6459, 540
6460, 502
6461, 540
6462, 534
6463, 518
6464, 526
6465, 559
6466, 533
6467, 557
6468, 520
6469, 572
6470, 533
6471, 541
6472, 502
6473, 500
6474, 554
6475, 528
6476, 563
6477, 542
6478, 545
6479, 563
6480, 509
6481, 527
6482, 515
6483, 549
6484, 503
6485, 524
6486, 518
6487, 566
6488, 486
6489, 488
6490, 526
6491, 513
6492, 538
6493, 492
6494, 527
6495, 538
6496, 516
6497, 520
6498, 512
6499, 548
6500, 527
6501, 509
6502, 546
6503, 533
6504, 540
6505, 497
6506, 533
6507, 510
6508, 517
6509, 496
6510, 495
6511, 525
6512, 548
6513, 508
6514, 558
6515, 553
6516, 502
6517, 505
6518, 506
6519, 509
6520, 533
6521, 500
6522, 513
6523, 547
6524, 517
6525, 542
6526, 491
6527, 536
6528, 542
6529, 546
6530, 502
6531, 567
6532, 542
6533, 517
6534, 509
6535, 537
6536, 509
6537, 522
6538, 535
6539, 534
6540, 504
6541, 529
6542, 525
6543, 512
6544, 502
6545, 543
6546, 567
6547, 543
6548, 503
6549, 563
6550, 539
6551, 507
6552, 555
6553, 503
6554, 527
6555, 505
6556, 499
6557, 506
6558, 493
6559, 518
6560, 506
6561, 524
6562, 560
6563, 487
6564, 520
6565, 536
6566, 536
6567, 542
6568, 496
6569, 545
6570, 492
6571, 493
6572, 526
6573, 558
6574, 512
6575, 503
6576, 538
6577, 492
6578, 513
6579, 533
6580, 518
6581, 528
6582, 578
6583, 551
6584, 457
6585, 551
6586, 521
6587, 557
6588, 513
6589, 480
6590, 500
6591, 519
6592, 516
6593, 492
6594, 531
6595, 510
6596, 501
6597, 511
6598, 497
6599, 525
6600, 509
6601, 525
6602, 571
6603, 540
6604, 501
6605, 495
6606, 515
6607, 509
6608, 500
6609, 511
6610, 492
6611, 518
6612, 512
6613, 478
6614, 519
6615, 524
6616, 520
6617, 495
6618, 519
6619, 534
6620, 524
6621, 503
6622, 514
6623, 514
6624, 499
6625, 510
6626, 530
6627, 538
6628, 540
6629, 496
6630, 517
6631, 529
6632, 525
6633, 526
6634, 477
6635, 506
6636, 488
6637, 461
6638, 552
6639, 526
6640, 515
6641, 552
6642, 536
6643, 520
6644, 559
6645, 520
6646, 507
6647, 506
6648, 505
6649, 523
6650, 497
6651, 536
6652, 515
6653, 495
6654, 518
6655, 538
6656, 506
6657, 519
6658, 500
6659, 497
6660, 470
6661, 511
6662, 530
6663, 533
6664, 518
6665, 516
6666, 508
6667, 506
6668, 503
6669, 516
6670, 514
6671, 512
6672, 494
6673, 520
6674, 537
6675, 502
6676, 553
6677, 526
6678, 518
6679, 512
6680, 514
6681, 525
6682, 492
6683, 511
6684, 532
6685, 541
6686, 550
6687, 512
6688, 517
6689, 479
6690, 496
6691, 502
6692, 521
6693, 511
6694, 509
6695, 510
6696, 503
6697, 514
6698, 521
6699, 480
6700, 544
6701, 473
6702, 526
6703, 512
6704, 483
6705, 507
6706, 454
6707, 500
6708, 513
6709, 516
6710, 494
6711, 491
6712, 490
6713, 482
6714, 525
6715, 503
6716, 540
6717, 499
6718, 449
6719, 483
6720, 496
6721, 530
6722, 516
6723, 532
6724, 486
6725, 509
6726, 499
6727, 501
6728, 489
6729, 464
6730, 543
6731, 487
6732, 519
6733, 468
6734, 528
6735, 538
6736, 513
6737, 537
6738, 480
6739, 472
6740, 505
6741, 486
6742, 541
6743, 510
6744, 520
6745, 493
6746, 509
6747, 493
6748, 507
6749, 507
6750, 521
6751, 487
6752, 507
6753, 511
6754, 553
6755, 508
6756, 474
6757, 482
6758, 548
6759, 512
6760, 512
6761, 509
6762, 502
6763, 471
6764, 512
6765, 514
6766, 496
6767, 486
6768, 530
6769, 512
6770, 496
6771, 484
6772, 502
6773, 481
6774, 507
6775, 446
6776, 482
6777, 522
6778, 481
6779, 528
6780, 502
6781, 511
6782, 493
6783, 498
6784, 481
6785, 512
6786, 515
6787, 517
6788, 488
6789, 476
6790, 494
6791, 525
6792, 472
6793, 525
6794, 477
6795, 519
6796, 499
6797, 524
6798, 493
6799, 512
6800, 493
6801, 512
6802, 504
6803, 489
6804, 522
6805, 497
6806, 505
6807, 505
6808, 507
6809, 501
6810, 524
6811, 474
6812, 500
6813, 507
6814, 516
6815, 480
6816, 495
6817, 495
6818, 502
6819, 522
6820, 506
6821, 496
6822, 511
6823, 506
6824, 512
6825, 500
6826, 474
6827, 499
6828, 517
6829, 488
6830, 479
6831, 510
6832, 528
6833, 476
6834, 502
6835, 489
6836, 499
6837, 513
6838, 457
6839, 512
6840, 505
6841, 504
6842, 473
6843, 505
6844, 499
6845, 503
6846, 489
6847, 502
6848, 495
6849, 533
6850, 478
6851, 521
6852, 439
6853, 480
6854, 476
6855, 462
6856, 464
6857, 469
6858, 489
6859, 472
6860, 511
6861, 487
6862, 546
6863, 479
6864, 493
6865, 483
6866, 478
6867, 519
6868, 506
6869, 478
6870, 496
6871, 503
6872, 466
6873, 516
6874, 501
6875, 501
6876, 494
6877, 494
6878, 485
6879, 484
6880, 459
6881, 494
6882, 486
6883, 513
6884, 463
6885, 513
6886, 496
6887, 482
6888, 460
6889, 455
6890, 455
6891, 510
6892, 491
6893, 454
6894, 514
6895, 508
6896, 509
6897, 510
6898, 483
6899, 513
6900, 509
6901, 483
6902, 537
6903, 469
6904, 491
6905, 501
6906, 505
6907, 475
6908, 496
6909, 474
6910, 507
6911, 444
6912, 485
6913, 475
6914, 526
6915, 475
6916, 471
6917, 472
6918, 479
6919, 497
6920, 468
6921, 505
6922, 467
6923, 485
6924, 480
6925, 495
6926, 439
6927, 488
6928, 515
6929, 504
6930, 459
6931, 495
6932, 495
6933, 503
6934, 455
6935, 462
6936, 513
6937, 467
6938, 469
6939, 510
6940, 488
6941, 479
6942, 481
6943, 494
6944, 471
6945, 507
6946, 519
6947, 483
6948, 491
6949, 485
6950, 445
6951, 479
6952, 448
6953, 485
6954, 483
6955, 461
6956, 492
6957, 456
6958, 453
6959, 487
6960, 471
6961, 468
6962, 480
6963, 502
6964, 460
6965, 475
6966, 476
6967, 478
6968, 506
6969, 461
6970, 444
6971, 423
6972, 468
6973, 485
6974, 460
6975, 462
6976, 493
6977, 473
6978, 485
6979, 448
6980, 497
6981, 483
6982, 495
6983, 465
6984, 480
6985, 520
6986, 463
6987, 465
6988, 452
6989, 471
6990, 476
6991, 485
6992, 460
6993, 508
6994, 494
6995, 484
6996, 465
6997, 492
6998, 500
6999, 442
7000, 479
7001, 484
7002, 460
7003, 452
7004, 462
7005, 466
7006, 491
7007, 454
7008, 488
7009, 453
7010, 467
7011, 459
7012, 455
7013, 442
7014, 474
7015, 475
7016, 458
7017, 435
7018, 486
7019, 479
7020, 490
7021, 469
7022, 444
7023, 476
7024, 508
7025, 451
7026, 497
7027, 487
7028, 502
7029, 483
7030, 462
7031, 448
7032, 451
7033, 493
7034, 476
7035, 490
7036, 443
7037, 475
7038, 459
7039, 493
7040, 486
7041, 437
7042, 448
7043, 464
7044, 464
7045, 470
7046, 476
7047, 452
7048, 481
7049, 490
7050, 416
7051, 487
7052, 484
7053, 439
7054, 496
7055, 466
7056, 458
7057, 446
7058, 476
7059, 427
7060, 476
7061, 471
7062, 460
7063, 448
7064, 443
7065, 459
7066, 454
7067, 463
7068, 480
7069, 458
7070, 461
7071, 467
7072, 472
7073, 456
7074, 482
7075, 460
7076, 480
7077, 477
7078, 464
7079, 471
7080, 452
7081, 484
7082, 432
7083, 502
7084, 474
7085, 476
7086, 495
7087, 426
7088, 444
7089, 473
7090, 453
7091, 435
7092, 453
7093, 486
7094, 476
7095, 445
7096, 414
7097, 434
7098, 499
7099, 453
7100, 443
7101, 485
7102, 464
7103, 462
7104, 456
7105, 464
7106, 455
7107, 469
7108, 495
7109, 486
7110, 463
7111, 489
7112, 460
7113, 485
7114, 438
7115, 456
7116, 447
7117, 461
7118, 463
7119, 455
7120, 478
7121, 442
7122, 424
7123, 429
7124, 495
7125, 454
7126, 474
7127, 456
7128, 454
7129, 463
7130, 465
7131, 430
7132, 468
7133, 465
7134, 443
7135, 459
7136, 443
7137, 463
7138, 452
7139, 444
7140, 474
7141, 458
7142, 477
7143, 463
7144, 463
7145, 398
7146, 459
7147, 440
7148, 438
7149, 474
7150, 461
7151, 491
7152, 398
7153, 460
7154, 463
7155, 435
7156, 421
7157, 471
7158, 495
7159, 438
7160, 465
7161, 463
7162, 466
7163, 432
7164, 422
7165, 457
7166, 444
7167, 453
7168, 470
7169, 442
7170, 440
7171, 473
7172, 427
7173, 443
7174, 444
7175, 439
7176, 458
7177, 465
7178, 447
7179, 470
7180, 437
7181, 420
7182, 483
7183, 480
7184, 455
7185, 430
7186, 464
7187, 499
7188, 443
7189, 467
7190, 463
7191, 437
7192, 409
7193, 434
7194, 460
7195, 472
7196, 479
7197, 414
7198, 436
7199, 435
7200, 446
7201, 458
7202, 423
7203, 455
7204, 449
7205, 463
7206, 458
7207, 437
7208, 472
7209, 436
7210, 410
7211, 441
7212, 457
7213, 437
7214, 437
7215, 442
7216, 443
7217, 430
7218, 443
7219, 425
7220, 432
7221, 431
7222, 460
7223, 427
7224, 442
7225, 451
7226, 450
7227, 465
7228, 464
7229, 464
7230, 478
7231, 440
7232, 439
7233, 424
7234, 455
7235, 452
7236, 429
7237, 436
7238, 437
7239, 451
7240, 472
7241, 451
7242, 439
7243, 419
7244, 471
7245, 469
7246, 459
7247, 407
7248, 460
7249, 457
7250, 462
7251, 446
7252, 422
7253, 427
7254, 438
7255, 450
7256, 428
7257, 461
7258, 417
7259, 420
7260, 428
7261, 449
7262, 425
7263, 417
7264, 436
7265, 435
7266, 487
7267, 430
7268, 415
7269, 455
7270, 454
7271, 451
7272, 430
7273, 426
7274, 417
7275, 431
7276, 423
7277, 459
7278, 449
7279, 402
7280, 437
7281, 465
7282, 427
7283, 452
7284, 427
7285, 455
7286, 436
7287, 451
7288, 443
7289, 438
7290, 459
7291, 448
7292, 424
7293, 449
7294, 440
7295, 411
7296, 439
7297, 448
7298, 435
7299, 438
7300, 421
7301, 440
7302, 411
7303, 422
7304, 408
7305, 444
7306, 461
7307, 440
7308, 431
7309, 412
7310, 431
7311, 419
7312, 476
7313, 438
7314, 429
7315, 450
7316, 410
7317, 442
7318, 465
7319, 426
7320, 427
7321, 416
7322, 458
7323, 407
7324, 464
7325, 448
7326, 430
7327, 425
7328, 413
7329, 445
7330, 445
7331, 409
7332, 407
7333, 430
7334, 419
7335, 420
7336, 443
7337, 447
7338, 438
7339, 420
7340, 414
7341, 448
7342, 453
7343, 427
7344, 445
7345, 402
7346, 440
7347, 420
7348, 446
7349, 413
7350, 435
7351, 437
7352, 465
7353, 437
7354, 432
7355, 429
7356, 413
7357, 433
7358, 378
7359, 408
7360, 437
7361, 422
7362, 431
7363, 454
7364, 430
7365, 436
7366, 425
7367, 459
7368, 454
7369, 447
7370, 447
7371, 422
7372, 463
7373, 451
7374, 412
7375, 413
7376, 411
7377, 419
7378, 423
7379, 439
7380, 430
7381, 438
7382, 435
7383, 435
7384, 400
7385, 446
7386, 431
7387, 427
7388, 449
7389, 421
7390, 422
7391, 443
7392, 405
7393, 427
7394, 404
7395, 439
7396, 421
7397, 411
7398, 425
7399, 405
7400, 392
7401, 408
7402, 438
7403, 431
7404, 454
7405, 432
7406, 453
7407, 415
7408, 392
7409, 411
7410, 397
7411, 451
7412, 443
7413, 446
7414, 409
7415, 463
7416, 433
7417, 460
7418, 442
7419, 410
7420, 407
7421, 419
7422, 452
7423, 412
7424, 414
7425, 407
7426, 457
7427, 442
7428, 394
7429, 443
7430, 428
7431, 414
7432, 416
7433, 443
7434, 408
7435, 412
7436, 415
7437, 405
7438, 440
7439, 421
7440, 447
7441, 423
7442, 444
7443, 409
7444, 461
7445, 421
7446, 414
7447, 401
7448, 406
7449, 393
7450, 448
7451, 411
7452, 413
7453, 438
7454, 423
7455, 453
7456, 449
7457, 437
7458, 411
7459, 411
7460, 420
7461, 410
7462, 415
7463, 437
7464, 395
7465, 421
7466, 420
7467, 430
7468, 410
7469, 378
7470, 452
7471, 420
7472, 423
7473, 414
7474, 456
7475, 417
7476, 428
7477, 437
7478, 480
7479, 422
7480, 426
7481, 419
7482, 403
7483, 404
7484, 432
7485, 392
7486, 421
7487, 434
7488, 387
7489, 431
7490, 452
7491, 426
7492, 409
7493, 456
7494, 394
7495, 427
7496, 430
7497, 436
7498, 414
7499, 405
7500, 422
7501, 425
7502, 394
7503, 423
7504, 383
7505, 431
7506, 421
7507, 444
7508, 423
7509, 410
7510, 453
7511, 405
7512, 408
7513, 399
7514, 399
7515, 429
7516, 430
7517, 447
7518, 393
7519, 426
7520, 450
7521, 426
7522, 417
7523, 378
7524, 411
7525, 432
7526, 411
7527, 418
7528, 381
7529, 390
7530, 377
7531, 427
7532, 404
7533, 434
7534, 446
7535, 438
7536, 433
7537, 423
7538, 426
7539, 409
7540, 417
7541, 404
7542, 426
7543, 400
7544, 377
7545, 412
7546, 400
7547, 429
7548, 397
7549, 407
7550, 407
7551, 422
7552, 412
7553, 368
7554, 407
7555, 384
7556, 422
7557, 396
7558, 395
7559, 398
7560, 426
7561, 374
7562, 403
7563, 343
7564, 445
7565, 400
7566, 401
7567, 395
7568, 440
7569, 395
7570, 410
7571, 431
7572, 394
7573, 392
7574, 445
7575, 382
7576, 422
7577, 443
7578, 376
7579, 450
7580, 421
7581, 468
7582, 382
7583, 382
7584, 427
7585, 456
7586, 430
7587, 436
7588, 404
7589, 388
7590, 409
7591, 409
7592, 399
7593, 415
7594, 399
7595, 419
7596, 414
7597, 391
7598, 416
7599, 414
7600, 399
7601, 436
7602, 431
7603, 400
7604, 399
7605, 389
7606, 414
7607, 427
7608, 391
7609, 405
7610, 424
7611, 378
7612, 387
7613, 395
7614, 420
7615, 408
7616, 419
7617, 409
7618, 396
7619, 398
7620, 381
7621, 405
7622, 379
7623, 403
7624, 375
7625, 413
7626, 397
7627, 364
7628, 408
7629, 429
7630, 440
7631, 412
7632, 378
7633, 402
7634, 409
7635, 420
7636, 372
7637, 403
7638, 407
7639, 385
7640, 419
7641, 416
7642, 358
7643, 349
7644, 419
7645, 392
7646, 405
7647, 428
7648, 413
7649, 403
7650, 406
7651, 372
7652, 380
7653, 394
7654, 396
7655, 414
7656, 373
7657, 421
7658, 399
7659, 365
7660, 404
7661, 428
7662, 360
7663, 422
7664, 379
7665, 382
7666, 404
7667, 377
7668, 371
7669, 379
7670, 414
7671, 414
7672, 383
7673, 357
7674, 370
7675, 394
7676, 408
7677, 390
7678, 423
7679, 437
7680, 429
7681, 377
7682, 410
7683, 372
7684, 360
7685, 393
7686, 376
7687, 406
7688, 386
7689, 373
7690, 425
7691, 400
7692, 419
7693, 388
7694, 399
7695, 352
7696, 371
7697, 377
7698, 403
7699, 400
7700, 401
7701, 364
7702, 402
7703, 378
7704, 402
7705, 401
7706, 400
7707, 399
7708, 385
7709, 385
7710, 357
7711, 401
7712, 439
7713, 392
7714, 352
7715, 368
7716, 403
7717, 387
7718, 379
7719, 360
7720, 393
7721, 392
7722, 376
7723, 362
7724, 383
7725, 411
7726, 375
7727, 351
7728, 408
7729, 367
7730, 377
7731, 395
7732, 385
7733, 402
7734, 364
7735, 356
7736, 432
7737, 387
7738, 361
7739, 383
7740, 389
7741, 417
7742, 409
7743, 374
7744, 352
7745, 416
7746, 402
7747, 385
7748, 405
7749, 409
7750, 348
7751, 399
7752, 353
7753, 370
7754, 374
7755, 396
7756, 415
7757, 400
7758, 388
7759, 323
7760, 405
7761, 418
7762, 359
7763, 368
7764, 371
7765, 411
7766, 370
7767, 347
7768, 347
7769, 362
7770, 400
7771, 384
7772, 362
7773, 421
7774, 371
7775, 399
7776, 368
7777, 384
7778, 349
7779, 376
7780, 389
7781, 399
7782, 386
7783, 382
7784, 386
7785, 380
7786, 408
7787, 406
7788, 416
7789, 354
7790, 392
7791, 404
7792, 377
7793, 347
7794, 381
7795, 367
7796, 340
7797, 363
7798, 373
7799, 363
7800, 360
7801, 398
7802, 377
7803, 381
7804, 377
7805, 330
7806, 371
7807, 406
7808, 369
7809, 354
7810, 398
7811, 365
7812, 396
7813, 379
7814, 385
7815, 368
7816, 368
7817, 388
7818, 363
7819, 379
7820, 362
7821, 353
7822, 384
7823, 375
7824, 385
7825, 374
7826, 362
7827, 369
7828, 389
7829, 359
7830, 393
7831, 365
7832, 400
7833, 342
7834, 358
7835, 399
7836, 354
7837, 397
7838, 369
7839, 396
7840, 377
7841, 411
7842, 360
7843, 355
7844, 398
7845, 392
7846, 379
7847, 381
7848, 356
7849, 373
7850, 375
7851, 389
7852, 370
7853, 379
7854, 350
7855, 377
7856, 367
7857, 361
7858, 347
7859, 369
7860, 368
7861, 337
7862, 368
7863, 386
7864, 355
7865, 354
7866, 370
7867, 340
7868, 377
7869, 357
7870, 373
7871, 365
7872, 362
7873, 367
7874, 376
7875, 415
7876, 371
7877, 383
7878, 357
7879, 348
7880, 374
7881, 385
7882, 343
7883, 332
7884, 345
7885, 368
7886, 372
7887, 350
7888, 359
7889, 394
7890, 392
7891, 383
7892, 365
7893, 358
7894, 360
7895, 373
7896, 360
7897, 359
7898, 336
7899, 395
7900, 358
7901, 361
7902, 385
7903, 356
7904, 340
7905, 369
7906, 369
7907, 354
7908, 368
7909, 353
7910, 360
7911, 376
7912, 341
7913, 348
7914, 337
7915, 364
7916, 355
7917, 325
7918, 375
7919, 338
7920, 333
7921, 387
7922, 381
7923, 360
7924, 344
7925, 389
7926, 375
7927, 376
7928, 391
7929, 341
7930, 364
7931, 345
7932, 357
7933, 358
7934, 393
7935, 334
7936, 357
7937, 349
7938, 351
7939, 361
7940, 342
7941, 368
7942, 369
7943, 355
7944, 355
7945, 382
7946, 354
7947, 330
7948, 364
7949, 368
7950, 372
7951, 356
7952, 351
7953, 337
7954, 356
7955, 364
7956, 318
7957, 363
7958, 343
7959, 357
7960, 347
7961, 335
7962, 358
7963, 354
7964, 353
7965, 314
7966, 371
7967, 363
7968, 373
7969, 345
7970, 363
7971, 324
7972, 366
7973, 342
7974, 344
7975, 366
7976, 366
7977, 362
7978, 367
7979, 354
7980, 368
7981, 337
7982, 336
7983, 371
7984, 322
7985, 372
7986, 357
7987, 373
7988, 356
7989, 314
7990, 358
7991, 339
7992, 358
7993, 322
7994, 343
7995, 342
7996, 352
7997, 338
7998, 315
7999, 337
8000, 333
8001, 321
8002, 339
8003, 356
8004, 358
8005, 327
8006, 381
8007, 333
8008, 340
8009, 364
8010, 364
8011, 336
8012, 345
8013, 336
8014, 355
8015, 349
8016, 339
8017, 357
8018, 333
8019, 340
8020, 351
8021, 361
8022, 365
8023, 353
8024, 376
8025, 362
8026, 352
8027, 339
8028, 354
8029, 315
8030, 312
8031, 336
8032, 353
8033, 391
8034, 343
8035, 320
8036, 349
8037, 347
8038, 371
8039, 376
8040, 354
8041, 351
8042, 350
8043, 357
8044, 350
8045, 316
8046, 358
8047, 352
8048, 311
8049, 359
8050, 338
8051, 348
8052, 354
8053, 314
8054, 326
8055, 344
8056, 344
8057, 352
8058, 361
8059, 350
8060, 317
8061, 340
8062, 349
8063, 369
8064, 349
8065, 358
8066, 336
8067, 331
8068, 361
8069, 332
8070, 339
8071, 343
8072, 301
8073, 323
8074, 335
8075, 374
8076, 337
8077, 331
8078, 358
8079, 352
8080, 333
8081, 349
8082, 332
8083, 343
8084, 337
8085, 327
8086, 338
8087, 339
8088, 337
8089, 334
8090, 329
8091, 336
8092, 316
8093, 343
8094, 340
8095, 323
8096, 357
8097, 351
8098, 349
8099, 360
8100, 328
8101, 343
8102, 342
8103, 336
8104, 327
8105, 331
8106, 358
8107, 338
8108, 351
8109, 346
8110, 331
8111, 327
8112, 336
8113, 339
8114, 315
8115, 326
8116, 363
8117, 329
8118, 308
8119, 326
8120, 325
8121, 297
8122, 326
8123, 348
8124, 340
8125, 347
8126, 333
8127, 333
8128, 335
8129, 350
8130, 338
8131, 348
8132, 334
8133, 322
8134, 310
8135, 348
8136, 359
8137, 343
8138, 323
8139, 348
8140, 286
8141, 366
8142, 333
8143, 306
8144, 352
8145, 370
8146, 273
8147, 329
8148, 329
8149, 331
8150, 382
8151, 341
8152, 344
8153, 357
8154, 337
8155, 359
8156, 330
8157, 300
8158, 324
8159, 345
8160, 340
8161, 335
8162, 304
8163, 342
8164, 360
8165, 323
8166, 316
8167, 342
8168, 309
8169, 334
8170, 338
8171, 324
8172, 326
8173, 342
8174, 318
8175, 334
8176, 334
8177, 294
8178, 352
8179, 339
8180, 366
8181, 302
8182, 335
8183, 318
8184, 341
8185, 319
8186, 361
8187, 297
8188, 337
8189, 313
8190, 322
8191, 346
8192, 302
8193, 310
8194, 361
8195, 343
8196, 330
8197, 304
8198, 330
8199, 361
8200, 303
8201, 325
8202, 320
8203, 340
8204, 299
8205, 286
8206, 328
8207, 317
8208, 345
8209, 360
8210, 326
8211, 330
8212, 323
8213, 354
8214, 323
8215, 323
8216, 350
8217, 307
8218, 348
8219, 316
8220, 310
8221, 300
8222, 353
8223, 328
8224, 325
8225, 353
8226, 343
8227, 306
8228, 337
8229, 327
8230, 330
8231, 310
8232, 363
8233, 316
8234, 306
8235, 303
8236, 307
8237, 292
8238, 337
8239, 316
8240, 306
8241, 334
8242, 324
8243, 318
8244, 304
8245, 313
8246, 349
8247, 316
8248, 326
8249, 308
8250, 347
8251, 303
8252, 313
8253, 319
8254, 324
8255, 310
8256, 317
8257, 331
8258, 340
8259, 345
8260, 337
8261, 325
8262, 314
8263, 318
8264, 323
8265, 310
8266, 305
8267, 305
8268, 290
8269, 301
8270, 314
8271, 302
8272, 308
8273, 335
8274, 298
8275, 304
8276, 357
8277, 322
8278, 312
8279, 329
8280, 334
8281, 334
8282, 306
8283, 331
8284, 316
8285, 301
8286, 323
8287, 297
8288, 336
8289, 305
8290, 298
8291, 329
8292, 308
8293, 327
8294, 314
8295, 318
8296, 333
8297, 318
8298, 315
8299, 351
8300, 295
8301, 300
8302, 320
8303, 286
8304, 341
8305, 327
8306, 297
8307, 313
8308, 316
8309, 296
8310, 300
8311, 304
8312, 335
8313, 315
8314, 312
8315, 278
8316, 311
8317, 322
8318, 292
8319, 346
8320, 330
8321, 301
8322, 327
8323, 312
8324, 313
8325, 315
8326, 308
8327, 302
8328, 296
8329, 317
8330, 318
8331, 300
8332, 317
8333, 287
8334, 341
8335, 277
8336, 331
8337, 330
8338, 301
8339, 307
8340, 282
8341, 328
8342, 306
8343, 275
8344, 345
8345, 313
8346, 301
8347, 320
8348, 318
8349, 335
8350, 328
8351, 274
8352, 287
8353, 324
8354, 314
8355, 311
8356, 321
8357, 332
8358, 337
8359, 297
8360, 296
8361, 286
8362, 348
8363, 282
8364, 308
8365, 306
8366, 299
8367, 308
8368, 325
8369, 308
8370, 316
8371, 333
8372, 320
8373, 315
8374, 324
8375, 307
8376, 323
8377, 285
8378, 312
8379, 299
8380, 307
8381, 313
8382, 330
8383, 312
8384, 309
8385, 312
8386, 277
8387, 299
8388, 314
8389, 308
8390, 333
8391, 274
8392, 299
8393, 327
8394, 279
8395, 296
8396, 290
8397, 303
8398, 292
8399, 293
8400, 324
8401, 291
8402, 313
8403, 286
8404, 307
8405, 308
8406, 308
8407, 316
8408, 266
8409, 310
8410, 277
8411, 278
8412, 303
8413, 264
8414, 332
8415, 287
8416, 310
8417, 283
8418, 315
8419, 302
8420, 295
8421, 322
8422, 296
8423, 309
8424, 293
8425, 290
8426, 284
8427, 284
8428, 315
8429, 301
8430, 295
8431, 296
8432, 294
8433, 344
8434, 314
8435, 309
8436, 300
8437, 312
8438, 267
8439, 297
8440, 283
8441, 334
8442, 308
8443, 305
8444, 319
8445, 319
8446, 315
8447, 300
8448, 299
8449, 301
8450, 323
8451, 288
8452, 322
8453, 273
8454, 301
8455, 294
8456, 302
8457, 289
8458, 309
8459, 282
8460, 332
8461, 325
8462, 313
8463, 317
8464, 287
8465, 284
8466, 297
8467, 283
8468, 295
8469, 280
8470, 297
8471, 306
8472, 273
8473, 298
8474, 294
8475, 309
8476, 291
8477, 258
8478, 303
8479, 299
8480, 307
8481, 295
8482, 302
8483, 277
8484, 281
8485, 305
8486, 290
8487, 277
8488, 267
8489, 307
8490, 280
8491, 262
8492, 278
8493, 276
8494, 291
8495, 286
8496, 285
8497, 263
8498, 300
8499, 300
8500, 287
8501, 316
8502, 281
8503, 299
8504, 281
8505, 328
8506, 296
8507, 290
8508, 289
8509, 272
8510, 302
8511, 310
8512, 305
8513, 293
8514, 273
8515, 297
8516, 279
8517, 290
8518, 269
8519, 307
8520, 285
8521, 307
8522, 277
8523, 285
8524, 274
8525, 274
8526, 292
8527, 295
8528, 311
8529, 291
8530, 282
8531, 296
8532, 291
8533, 303
8534, 292
8535, 297
8536, 294
8537, 314
8538, 302
8539, 296
8540, 301
8541, 295
8542, 258
8543, 276
8544, 290
8545, 295
8546, 301
8547, 270
8548, 276
8549, 259
8550, 298
8551, 248
8552, 250
8553, 277
8554, 260
8555, 299
8556, 286
8557, 274
8558, 294
8559, 286
8560, 280
8561, 295
8562, 273
8563, 285
8564, 262
8565, 285
8566, 288
8567, 271
8568, 275
8569, 267
8570, 298
8571, 279
8572, 288
8573, 268
8574, 266
8575, 282
8576, 273
8577, 258
8578, 314
8579, 286
8580, 320
8581, 269
8582, 264
8583, 314
8584, 278
8585, 282
8586, 305
8587, 269
8588, 290
8589, 304
8590, 252
8591, 292
8592, 281
8593, 274
8594, 300
8595, 273
8596, 251
8597, 263
8598, 275
8599, 296
8600, 275
8601, 295
8602, 303
8603, 271
8604, 281
8605, 287
8606, 278
8607, 282
8608, 294
8609, 249
8610, 295
8611, 272
8612, 248
8613, 277
8614, 257
8615, 264
8616, 284
8617, 280
8618, 275
8619, 291
8620, 279
8621, 283
8622, 267
8623, 296
8624, 250
8625, 271
8626, 262
8627, 263
8628, 247
8629, 258
8630, 271
8631, 277
8632, 265
8633, 279
8634, 278
8635, 280
8636, 283
8637, 263
8638, 299
8639, 281
8640, 306
8641, 253
8642, 260
8643, 298
8644, 288
8645, 272
8646, 272
8647, 274
8648, 279
8649, 280
8650, 247
8651, 299
8652, 298
8653, 277
8654, 303
8655, 274
8656, 301
8657, 260
8658, 275
8659, 265
8660, 253
8661, 263
8662, 244
8663, 267
8664, 263
8665, 254
8666, 275
8667, 266
8668, 266
8669, 250
8670, 278
8671, 275
8672, 298
8673, 252
8674, 264
8675, 257
8676, 246
8677, 287
8678, 257
8679, 269
8680, 307
8681, 269
8682, 277
8683, 245
8684, 256
8685, 253
8686, 272
8687, 260
8688, 259
8689, 248
8690, 275
8691, 253
8692, 271
8693, 288
8694, 255
8695, 273
8696, 260
8697, 235
8698, 271
8699, 260
8700, 266
8701, 258
8702, 246
8703, 269
8704, 267
8705, 246
8706, 245
8707, 284
8708, 287
8709, 246
8710, 279
8711, 257
8712, 255
8713, 262
8714, 252
8715, 272
8716, 255
8717, 277
8718, 251
8719, 271
8720, 278
8721, 248
8722, 259
8723, 272
8724, 281
8725, 255
8726, 235
8727, 244
8728, 246
8729, 261
8730, 271
8731, 255
8732, 266
8733, 236
8734, 256
8735, 281
8736, 249
8737, 287
8738, 301
8739, 251
8740, 266
8741, 280
8742, 262
8743, 263
8744, 259
8745, 277
8746, 253
8747, 264
8748, 275
8749, 254
8750, 244
8751, 253
8752, 257
8753, 261
8754, 248
8755, 242
8756, 258
8757, 262
8758, 274
8759, 248
8760, 253
8761, 247
8762, 270
8763, 253
8764, 242
8765, 273
8766, 254
8767, 255
8768, 273
8769, 252
8770, 234
8771, 240
8772, 261
8773, 255
8774, 258
8775, 247
8776, 225
8777, 239
8778, 253
8779, 238
8780, 260
8781, 262
8782, 258
8783, 284
8784, 246
8785, 230
8786, 243
8787, 253
8788, 273
8789, 234
8790, 253
8791, 244
8792, 247
8793, 278
8794, 235
8795, 271
8796, 270
8797, 238
8798, 238
8799, 224
8800, 262
8801, 256
8802, 241
8803, 268
8804, 250
8805, 260
8806, 263
8807, 256
8808, 269
8809, 261
8810, 267
8811, 219
8812, 273
8813, 247
8814, 223
8815, 273
8816, 265
8817, 265
8818, 252
8819, 248
8820, 271
8821, 248
8822, 247
8823, 245
8824, 250
8825, 246
8826, 260
8827, 241
8828, 277
8829, 240
8830, 239
8831, 245
8832, 250
8833, 238
8834, 236
8835, 254
8836, 233
8837, 262
8838, 256
8839, 244
8840, 254
8841, 229
8842, 249
8843, 270
8844, 222
8845, 234
8846, 240
8847, 240
8848, 236
8849, 245
8850, 240
8851, 248
8852, 255
8853, 228
8854, 249
8855, 246
8856, 237
8857, 238
8858, 223
8859, 268
8860, 283
8861, 257
8862, 261
8863, 263
8864, 237
8865, 232
8866, 261
8867, 231
8868, 232
8869, 238
8870, 257
8871, 248
8872, 231
8873, 240
8874, 230
8875, 236
8876, 236
8877, 268
8878, 247
8879, 243
8880, 265
8881, 262
8882, 245
8883, 212
8884, 251
8885, 275
8886, 251
8887, 241
8888, 242
8889, 240
8890, 245
8891, 253
8892, 225
8893, 244
8894, 218
8895, 261
8896, 292
8897, 230
8898, 237
8899, 261
8900, 241
8901, 246
8902, 247
8903, 244
8904, 241
8905, 234
8906, 232
8907, 252
8908, 243
8909, 224
8910, 243
8911, 215
8912, 239
8913, 233
8914, 244
8915, 238
8916, 251
8917, 235
8918, 255
8919, 236
8920, 242
8921, 238
8922, 251
8923, 250
8924, 242
8925, 259
8926, 257
8927, 248
8928, 235
8929, 233
8930, 232
8931, 221
8932, 233
8933, 265
8934, 263
8935, 253
8936, 237
8937, 253
8938, 233
8939, 224
8940, 233
8941, 221
8942, 220
8943, 237
8944, 269
8945, 245
8946, 240
8947, 214
8948, 251
8949, 227
8950, 233
8951, 216
8952, 271
8953, 231
8954, 249
8955, 250
8956, 230
8957, 235
8958, 251
8959, 242
8960, 222
8961, 238
8962, 257
8963, 212
8964, 238
8965, 249
8966, 241
8967, 218
8968, 239
8969, 258
8970, 270
8971, 249
8972, 212
8973, 246
8974, 257
8975, 219
8976, 251
8977, 251
8978, 234
8979, 242
8980, 254
8981, 243
8982, 233
8983, 219
8984, 244
8985, 251
8986, 236
8987, 208
8988, 225
8989, 223
8990, 237
8991, 225
8992, 225
8993, 231
8994, 225
8995, 228
8996, 228
8997, 235
8998, 236
8999, 223
9000, 241
9001, 228
9002, 205
9003, 244
9004, 243
9005, 230
9006, 217
9007, 232
9008, 217
9009, 225
9010, 238
9011, 247
9012, 257
9013, 237
9014, 224
9015, 196
9016, 211
9017, 234
9018, 234
9019, 235
9020, 243
9021, 223
9022, 228
9023, 216
9024, 232
9025, 236
9026, 205
9027, 219
9028, 240
9029, 215
9030, 232
9031, 235
9032, 221
9033, 223
9034, 220
9035, 247
9036, 227
9037, 215
9038, 209
9039, 259
9040, 259
9041, 251
9042, 225
9043, 242
9044, 211
9045, 220
9046, 189
9047, 217
9048, 226
9049, 221
9050, 208
9051, 214
9052, 216
9053, 223
9054, 200
9055, 214
9056, 242
9057, 225
9058, 260
9059, 227
9060, 234
9061, 246
9062, 214
9063, 227
9064, 218
9065, 263
9066, 219
9067, 222
9068, 200
9069, 230
9070, 205
9071, 234
9072, 229
9073, 213
9074, 237
9075, 224
9076, 227
9077, 219
9078, 219
9079, 245
9080, 223
9081, 229
9082, 235
9083, 195
9084, 197
9085, 225
9086, 242
9087, 216
9088, 236
9089, 206
9090, 234
9091, 232
9092, 219
9093, 233
9094, 210
9095, 226
9096, 240
9097, 224
9098, 219
9099, 226
9100, 226
9101, 216
9102, 236
9103, 223
9104, 223
9105, 228
9106, 232
9107, 202
9108, 238
9109, 218
9110, 233
9111, 247
9112, 238
9113, 203
9114, 207
9115, 248
9116, 227
9117, 213
9118, 229
9119, 239
9120, 220
9121, 212
9122, 205
9123, 228
9124, 207
9125, 208
9126, 212
9127, 191
9128, 231
9129, 215
9130, 220
9131, 231
9132, 221
9133, 194
9134, 226
9135, 214
9136, 215
9137, 210
9138, 230
9139, 235
9140, 219
9141, 217
9142, 213
9143, 202
9144, 208
9145, 232
9146, 217
9147, 207
9148, 200
9149, 214
9150, 213
9151, 217
9152, 185
9153, 207
9154, 233
9155, 241
9156, 177
9157, 233
9158, 209
9159, 224
9160, 229
9161, 233
9162, 202
9163, 199
9164, 202
9165, 225
9166, 212
9167, 197
9168, 232
9169, 192
9170, 210
9171, 213
9172, 202
9173, 212
9174, 212
9175, 203
9176, 205
9177, 221
9178, 215
9179, 219
9180, 221
9181, 205
9182, 199
9183, 234
9184, 223
9185, 230
9186, 209
9187, 201
9188, 215
9189, 211
9190, 194
9191, 222
9192, 202
9193, 186
9194, 205
9195, 240
9196, 205
9197, 193
9198, 235
9199, 212
9200, 220
9201, 231
9202, 211
9203, 196
9204, 195
9205, 181
9206, 203
9207, 192
9208, 199
9209, 197
9210, 222
9211, 191
9212, 188
9213, 203
9214, 203
9215, 204
9216, 229
9217, 231
9218, 224
9219, 226
9220, 206
9221, 197
9222, 199
9223, 179
9224, 230
9225, 209
9226, 202
9227, 204
9228, 232
9229, 216
9230, 226
9231, 245
9232, 207
9233, 198
9234, 226
9235, 192
9236, 196
9237, 214
9238, 208
9239, 189
9240, 210
9241, 196
9242, 212
9243, 193
9244, 240
9245, 200
9246, 175
9247, 225
9248, 207
9249, 185
9250, 205
9251, 187
9252, 185
9253, 227
9254, 197
9255, 205
9256, 202
9257, 185
9258, 223
9259, 204
9260, 206
9261, 202
9262, 167
9263, 187
9264, 179
9265, 201
9266, 205
9267, 191
9268, 191
9269, 197
9270, 200
9271, 197
9272, 207
9273, 206
9274, 206
9275, 225
9276, 183
9277, 178
9278, 207
9279, 213
9280, 192
9281, 218
9282, 189
9283, 185
9284, 214
9285, 190
9286, 216
9287, 194
9288, 176
9289, 216
9290, 213
9291, 193
9292, 196
9293, 222
9294, 173
9295, 186
9296, 207
9297, 191
9298, 245
9299, 213
9300, 190
9301, 190
9302, 203
9303, 221
9304, 214
9305, 177
9306, 196
9307, 193
9308, 186
9309, 196
9310, 203
9311, 202
9312, 199
9313, 190
9314, 209
9315, 182
9316, 215
9317, 190
9318, 191
9319, 195
9320, 202
9321, 222
9322, 221
9323, 188
9324, 215
9325, 183
9326, 196
9327, 201
9328, 196
9329, 193
9330, 195
9331, 199
9332, 219
9333, 207
9334, 193
9335, 199
9336, 210
9337, 224
9338, 216
9339, 184
9340, 187
9341, 183
9342, 178
9343, 190
9344, 201
9345, 177
9346, 202
9347, 171
9348, 191
9349, 179
9350, 210
9351, 188
9352, 204
9353, 209
9354, 196
9355, 199
9356, 196
9357, 175
9358, 169
9359, 186
9360, 209
9361, 182
9362, 189
9363, 188
9364, 204
9365, 193
9366, 172
9367, 193
9368, 179
9369, 168
9370, 180
9371, 220
9372, 179
9373, 180
9374, 199
9375, 175
9376, 220
9377, 193
9378, 201
9379, 196
9380, 191
9381, 189
9382, 188
9383, 182
9384, 208
9385, 186
9386, 193
9387, 178
9388, 198
9389, 177
9390, 181
9391, 200
9392, 188
9393, 210
9394, 184
9395, 192
9396, 198
9397, 210
9398, 197
9399, 179
9400, 206
9401, 192
9402, 206
9403, 193
9404, 204
9405, 199
9406, 178
9407, 190
9408, 176
9409, 189
9410, 185
9411, 189
9412, 168
9413, 177
9414, 183
9415, 184
9416, 181
9417, 164
9418, 188
9419, 182
9420, 208
9421, 170
9422, 174
9423, 193
9424, 183
9425, 161
9426, 169
9427, 191
9428, 169
9429, 197
9430, 198
9431, 204
9432, 193
9433, 177
9434, 183
9435, 173
9436, 170
9437, 195
9438, 183
9439, 205
9440, 186
9441, 178
9442, 160
9443, 176
9444, 155
9445, 193
9446, 187
9447, 184
9448, 196
9449, 163
9450, 187
9451, 178
9452, 185
9453, 179
9454, 170
9455, 181
9456, 194
9457, 192
9458, 176
9459, 204
9460, 179
9461, 182
9462, 196
9463, 183
9464, 183
9465, 197
9466, 191
9467, 187
9468, 189
9469, 205
9470, 204
9471, 198
9472, 205
9473, 150
9474, 182
9475, 177
9476, 199
9477, 199
9478, 198
9479, 180
9480, 187
9481, 182
9482, 193
9483, 168
9484, 168
9485, 164
9486, 184
9487, 199
9488, 191
9489, 188
9490, 180
9491, 186
9492, 185
9493, 174
9494, 190
9495, 181
9496, 178
9497, 189
9498, 185
9499, 174
9500, 195
9501, 172
9502, 178
9503, 190
9504, 195
9505, 194
9506, 184
9507, 185
9508, 177
9509, 196
9510, 205
9511, 187
9512, 168
9513, 192
9514, 165
9515, 218
9516, 165
9517, 146
9518, 162
9519, 199
9520, 171
9521, 161
9522, 200
9523, 195
9524, 200
9525, 166
9526, 187
9527, 153
9528, 181
9529, 168
9530, 182
9531, 182
9532, 182
9533, 171
9534, 157
9535, 172
9536, 151
9537, 177
9538, 189
9539, 183
9540, 191
9541, 158
9542, 184
9543, 176
9544, 183
9545, 180
9546, 172
9547, 179
9548, 183
9549, 173
9550, 192
9551, 184
9552, 182
9553, 167
9554, 169
9555, 191
9556, 161
9557, 192
9558, 178
9559, 173
9560, 143
9561, 158
9562, 163
9563, 164
9564, 181
9565, 178
9566, 167
9567, 174
9568, 173
9569, 163
9570, 165
9571, 169
9572, 168
9573, 192
9574, 171
9575, 184
9576, 184
9577, 171
9578, 156
9579, 171
9580, 162
9581, 196
9582, 182
9583, 167
9584, 206
9585, 187
9586, 186
9587, 170
9588, 176
9589, 180
9590, 183
9591, 183
9592, 194
9593, 156
9594, 169
9595, 182
9596, 190
9597, 176
9598, 176
9599, 174
9600, 183
9601, 153
9602, 174
9603, 186
9604, 146
9605, 171
9606, 181
9607, 173
9608, 190
9609, 159
9610, 161
9611, 152
9612, 143
9613, 173
9614, 143
9615, 163
9616, 173
9617, 163
9618, 170
9619, 172
9620, 150
9621, 165
9622, 173
9623, 167
9624, 169
9625, 178
9626, 177
9627, 144
9628, 170
9629, 175
9630, 174
9631, 165
9632, 195
9633, 162
9634, 168
9635, 157
9636, 158
9637, 175
9638, 178
9639, 178
9640, 181
9641, 168
9642, 181
9643, 175
9644, 176
9645, 179
9646, 145
9647, 181
9648, 181
9649, 137
9650, 160
9651, 175
9652, 157
9653, 166
9654, 176
9655, 166
9656, 175
9657, 169
9658, 163
9659, 157
9660, 170
9661, 164
9662, 182
9663, 184
9664, 169
9665, 164
9666, 147
9667, 158
9668, 153
9669, 166
9670, 158
9671, 163
9672, 154
9673, 142
9674, 158
9675, 167
9676, 173
9677, 159
9678, 155
9679, 161
9680, 155
9681, 169
9682, 155
9683, 170
9684, 168
9685, 189
9686, 155
9687, 179
9688, 163
9689, 183
9690, 156
9691, 154
9692, 162
9693, 160
9694, 153
9695, 184
9696, 155
9697, 165
9698, 140
9699, 211
9700, 158
9701, 160
9702, 163
9703, 162
9704, 163
9705, 156
9706, 162
9707, 150
9708, 182
9709, 148
9710, 179
9711, 154
9712, 170
9713, 160
9714, 164
9715, 176
9716, 158
9717, 175
9718, 175
9719, 158
9720, 162
9721, 146
9722, 185
9723, 173
9724, 135
9725, 145
9726, 164
9727, 159
9728, 155
9729, 161
9730, 149
9731, 168
9732, 170
9733, 148
9734, 166
9735, 151
9736, 178
9737, 177
9738, 145
9739, 153
9740, 168
9741, 152
9742, 153
9743, 153
9744, 156
9745, 160
9746, 171
9747, 148
9748, 153
9749, 154
9750, 165
9751, 156
9752, 143
9753, 152
9754, 140
9755, 159
9756, 162
9757, 163
9758, 157
9759, 159
9760, 165
9761, 152
9762, 160
9763, 145
9764, 164
9765, 131
9766, 159
9767, 153
9768, 167
9769, 149
9770, 139
9771, 155
9772, 159
9773, 167
9774, 151
9775, 148
9776, 158
9777, 154
9778, 137
9779, 162
9780, 160
9781, 156
9782, 159
9783, 132
9784, 166
9785, 151
9786, 158
9787, 171
9788, 145
9789, 148
9790, 165
9791, 147
9792, 166
9793, 134
9794, 149
9795, 133
9796, 140
9797, 156
9798, 141
9799, 164
9800, 139
9801, 156
9802, 175
9803, 157
9804, 138
9805, 160
9806, 150
9807, 135
9808, 135
9809, 144
9810, 142
9811, 145
9812, 147
9813, 130
9814, 153
9815, 179
9816, 172
9817, 138
9818, 145
9819, 172
9820, 148
9821, 172
9822, 140
9823, 159
9824, 154
9825, 157
9826, 138
9827, 141
9828, 159
9829, 162
9830, 144
9831, 176
9832, 138
9833, 157
9834, 162
9835, 135
9836, 156
9837, 154
9838, 149
9839, 152
9840, 144
9841, 130
9842, 141
9843, 137
9844, 167
9845, 155
9846, 136
9847, 158
9848, 138
9849, 149
9850, 154
9851, 156
9852, 144
9853, 147
9854, 160
9855, 140
9856, 153
9857, 163
9858, 146
9859, 151
9860, 158
9861, 150
9862, 157
9863, 159
9864, 126
9865, 147
9866, 148
9867, 151
9868, 167
9869, 153
9870, 146
9871, 156
9872, 153
9873, 152
9874, 142
9875, 138
9876, 156
9877, 146
9878, 136
9879, 129
9880, 143
9881, 144
9882, 147
9883, 159
9884, 151
9885, 143
9886, 128
9887, 166
9888, 135
9889, 153
9890, 158
9891, 148
9892, 145
9893, 131
9894, 160
9895, 139
9896, 127
9897, 163
9898, 137
9899, 146
9900, 141
9901, 147
9902, 152
9903, 151
9904, 146
9905, 150
9906, 156
9907, 115
9908, 159
9909, 157
9910, 124
9911, 143
9912, 143
9913, 150
9914, 145
9915, 157
9916, 149
9917, 142
9918, 139
9919, 143
9920, 154
9921, 132
9922, 141
9923, 153
9924, 136
9925, 138
9926, 143
9927, 138
9928, 143
9929, 132
9930, 158
9931, 161
9932, 145
9933, 156
9934, 134
9935, 143
9936, 156
9937, 131
9938, 144
9939, 145
9940, 144
9941, 143
9942, 130
9943, 136
9944, 160
9945, 130
9946, 138
9947, 139
9948, 115
9949, 124
9950, 148
9951, 120
9952, 142
9953, 142
9954, 147
9955, 138
9956, 111
9957, 141
9958, 148
9959, 144
9960, 145
9961, 135
9962, 122
9963, 138
9964, 147
9965, 123
9966, 138
9967, 153
9968, 124
9969, 148
9970, 149
9971, 126
9972, 149
9973, 144
9974, 139
9975, 165
9976, 156
9977, 133
9978, 132
9979, 147
9980, 146
9981, 138
9982, 143
9983, 139
9984, 141
9985, 110
9986, 143
9987, 128
9988, 162
9989, 122
9990, 129
9991, 146
9992, 148
9993, 137
9994, 134
9995, 157
9996, 142
9997, 118
9998, 134
9999, 145
